query_id	row_index	label	source	name	country	naics_code	naics_label	description	offerings
q01	0	irrelevant	country	Rompetrol	ro	324110	Petroleum Refineries	Rompetrol is a Romanian company specialized in petroleum refining, petrochemical operations, and the distribution of fuel products. The company operates as a subsidiary of KMG International and manages integrated refineries in Romania, Moldova, Bulgaria, and Georgia, serving the automotive, industrial, and energy sectors. Rompetrol also provides industrial products, wholesale fuel supply, and e-Mobility services, and is certified for quality, health, safety, and environmental management.	Fuel Product Distribution; Quality and Safety Compliance Services; Petrochemical Product Manufacturing; E-Mobility Solutions Implementation; Petroleum Refining and Distribution; Premium Fuel Retail; LPG Gas Production and Distribution; Sustainable Energy Solutions Development; Environmental Impact Reduction Consulting; Regional Energy Trading Services; Industrial Fuel Supply Services; Wholesale Fuel and Petrochemical Product Sales; Upstream Oil and Gas Services
q01	1	irrelevant	country	Unilever	ro	424690	Other Chemical and Allied Products Merchant Wholesalers	Unilever South Central Europe SA, DBA Unilever, is a Romanian company specialized in the distribution and retail of consumer goods, with a focus on personal care and household products. The company serves the Romanian market and is part of the Unilever Group, which operates globally. Unilever România also engages in digital initiatives, including platforms for suppliers and customers, and is committed to sustainability and social responsibility.	Consumer Goods Distribution and Retail; Ingredient Information and Allergy Support Services; Digital Customer Platform Services; Digital Supplier Platform Services; Household Products Distribution and Retail; Consumer Goods Research and Development; Sustainable Product Development; Personal Care Products Distribution and Retail
q01	2	irrelevant	country	Rompetrol	ro	324110	Petroleum Refineries	Rompetrol is a Romanian energy company engaged in refining, petrochemicals, and retail operations, as well as providing well services in the upstream sector. The company supplies fuels and related products to both individual and business clients in Romania, Moldova, Bulgaria, Georgia, and Kazakhstan, and is involved in the development of energy projects through its participation in the Kazakh-Romanian Energy Investment Fund. Rompetrol also manages a supply chain and logistics network to support its operations and is committed to sustainability and decarbonization initiatives.	Sustainable Energy Solutions; Fuel and Energy Product Retail; Energy Project Development; Petrochemical Product Manufacturing; Consumer Energy Product Retail; Decarbonization and Green Energy Solutions; Energy Product Refining; Energy Product Innovation and Development; Industrial Energy Product Distribution; Energy Sector Investment Services; Upstream Well Services; Industrial Energy Services; Business Energy Product Retail
q01	3	irrelevant	country	CBRE Romania	ro	531210	Offices of Real Estate Agents and Brokers	CBRE Romania is a Romanian company engaged in commercial real estate services and investment, providing integrated solutions such as investment, finance, value creation, planning, leasing, occupancy, design, building, property management, and portfolio management. The company serves clients in sectors including hotels, office, retail, industrial, logistics, and alternative property types, as well as data center services. CBRE Romania also offers transaction management, project management, design and build services, property rental, strategic consulting, property sales, mortgage services, and development services. The company is part of the CBRE Group, Inc., and is committed to sustainability, with a focus on minimizing environmental impact and promoting a sustainable future.	Data Center Real Estate Services; Real Estate Research and Analysis Services; Mortgage and Capital Markets Services; Portfolio Management Services; Property Investment and Finance Services; Project Management Services; Property Development and Construction Services; Sustainability Integration Consulting; Property Valuation and Appraisal Services; Property Design and Build Services; Property Leasing and Occupancy Services; Property Management and Marketing Services; Corporate Real Estate Advisory Services; Commercial Real Estate Services; Strategic Real Estate Consulting
q01	4	irrelevant	country	TIMAC AGRO	ro	325311	Nitrogenous Fertilizer Manufacturing	TIMAC AGRO S.R.L. is a French agricultural company engaged in the development, production, and distribution of plant nutrition, animal nutrition, and biostimulation solutions for farmers and agricultural producers. The company operates globally, with a presence in Europe, America, Asia, and Africa, and collaborates with scientific institutes and universities to advance its research and development activities. TIMAC AGRO also engages in sustainable agriculture practices and environmental responsibility.	Agricultural Product Retail; Fertilizer Manufacturing; Sustainable Agriculture Solution Development; Soil Conditioner Manufacturing; Plant Nutrition Product Manufacturing; Biostimulant Manufacturing; Agricultural Product Manufacturing; Animal Production Solution Manufacturing; Agricultural Product Wholesale; Agricultural Research and Development; Agricultural Product Exporting; Agricultural Product Innovation Services; Agricultural Consulting Services; Animal Nutrition Product Manufacturing; Agricultural Product Distribution; Agricultural Product Supply Chain Management
q01	5	irrelevant	country	OMV	ro	457120	Other Gasoline Stations	OMV PETROM Marketing SRL is a Romanian company engaged in the natural gas and oil industry, operating in the Exploration & Production, Refining & Marketing, and Chemicals sectors. The company provides products and services such as gasoline, diesel, aviation fuel, bitumen, and chemical products, and manages fuel stations and gas storage facilities across multiple European countries. OMV also offers e-mobility solutions and is involved in sustainability initiatives, including circular economy solutions and carbon emission reduction.	Bitumen Sales; Gas Storage Facility Management; Oil and Natural Gas Marketing; Oil and Natural Gas Exploration and Production; Circular Economy Solutions Development; Marketing Campaign Execution; Gasoline and Diesel Fuel Sales; Fuel Card Services; Chemical Products Sales; Oil and Natural Gas Refining; Sustainable Energy Solutions Implementation; E-Mobility Solutions Development; Fuel Distribution and Retail; Aviation Fuel Sales; Supply Chain Logistics Services
q01	6	partial	country	Compania Națională de Căi Ferate CFR	ro	488210	Support Activities for Rail Transportation	Compania Națională de Căi Ferate ”CFR” – SA, known as Compania Națională de Căi Ferate CFR, is a Romanian state-owned company responsible for the management and maintenance of the national railway infrastructure. The company oversees both public and private railway networks, providing access to terminals and stations, and offers services such as ticket sales and information. It also manages railway modernization and infrastructure development projects, including European Union-funded initiatives, and is involved in public procurement processes. The company is a member of international railway organizations and is certified for its operations.	Scenic and Tourist Rail Transport Services; Freight Rail Transport Services; Railway Modernization Project Development; Interoperable Rail Network Enhancement; Railway Network Operation; Railway Infrastructure Management; Railway Telecommunications Services; Ticket Sales and Information Services; Railway Infrastructure Development Services; Public Procurement and Contract Management; Passenger Rail Transport Services; International Railway Cooperation and Representation; Noise Reduction and Environmental Protection Projects; Auxiliary Electric Traction Services
q01	7	irrelevant	country	Mercedes-Benz Trucks & Buses Romania	ro	441110	New Car Dealers	Daimler Truck & Bus Romania S.R.L., DBA Mercedes-Benz Trucks & Buses Romania, is a Romanian company specialized in the distribution and servicing of Mercedes-Benz trucks and buses. The company operates as a service provider and distributor in the automotive sector, offering vehicle sales, maintenance, repair, and eMobility solutions, as well as fleet management services. It serves clients through a network of authorized service centers and a dedicated claims assistance team.	Claims Assistance Services; Advanced Vehicle Diagnostics Services; Mechanical and Electrical Repair Services; Fleet Management Solutions; Long-Term Vehicle Maintenance Contracts; Truck and Bus Sales; Sustainability-Focused Vehicle Solutions; eMobility Solutions; Truck and Bus Maintenance and Repair
q01	8	irrelevant	country	Dacia	ro	336110	Automobile and Light Duty Motor Vehicle Manufacturing	Renault Commercial Roumanie S.R.L., DBA Dacia, is a Romanian automotive company engaged in the production and distribution of passenger and commercial vehicles. The company operates as a manufacturer and distributor, offering a range of vehicles and providing services such as vehicle financing, trade-in options, and maintenance contracts. Dacia also offers electric and mild hybrid vehicles, participates in government programs for environmentally friendly vehicles, and maintains a network of authorized dealers and an online platform for vehicle sales. The company is part of the Renault Commercial Group and is associated with Renault.	Passenger Vehicle Manufacturing; Vehicle Accessories Retail; Mild Hybrid Vehicle Manufacturing; Vehicle Maintenance and Warranty Services; Vehicle Retail; Vehicle Distribution; Electric Vehicle Manufacturing; Vehicle Trade-In Services; Online Vehicle Retail; Vehicle Manufacturing; Commercial Vehicle Manufacturing; Vehicle Financing Services
q01	9	irrelevant	country	Fildas Trading	ro	424210	Drugs and Druggists' Sundries Merchant Wholesalers	Fildas Trading SRL is a Romanian company engaged in the import, distribution, and retail of nutritional supplements, pharmaceuticals, dermatological cosmetics, and technical-medical products. The company operates as a wholesaler, distributor, and retailer, supplying pharmaceutical products to retail locations and pharmacies through a network of logistics centers and regional warehouses. Fildas Trading also manages a pharmacy network under the Catena brand and maintains a transport fleet for national distribution. The company is certified and serves clients across Romania.	Healthcare System Improvement Consulting; Technical-Medical Products Retail; Pharmaceutical Products Wholesale and Distribution; Nutritional Supplements Importing and Distribution; Technical-Medical Products Importing and Distribution; Nutritional Supplements Retail; Healthcare Product Innovation Services; Dermatological Cosmetics Retail; Dermatological Cosmetics Importing and Distribution; Pharmaceutical Products Retail; Healthcare Product Logistics and Distribution; Pharmacy Network Management and Expansion
q01	10	partial	country	Portul Constanta	ro	488310	Port and Harbor Operations	C.N. Administratia Porturilor Maritime S.A. Constanta, known as Portul Constanta, is a Romanian public company that operates as a maritime and river port authority, managing and overseeing the ports of Constanta, Midia, Mangalia, and Tomis. The company provides port management, cargo handling, and related services, including dry bulk, container, general cargo, liquid bulk, and roll-on/roll-off operations. It also functions as a transit hub for agricultural products and serves as a free port. The company is part of the Romanian maritime port sector and is supported by European Union funds for the naval sector.	Maritime and River Port Services; Roll-On/Roll-Off Cargo Handling and Transshipment; Port Infrastructure Modernization and Enhancement; Dry Bulk Cargo Handling and Transshipment; Public Information and Transparency Reporting; Environmental Sustainability Project Implementation; Cargo Ticket Booking and Reservation Services; Transit Cargo Logistics Services; Liquid Bulk Cargo Handling and Transshipment; General Cargo Terminal Operations; Regulatory Compliance and Institutional Integrity Services; Container Terminal Operations
q01	11	irrelevant	country	Bunge Romania	ro	311224	Soybean and Other Oilseed Processing	Bunge Romania SRL, DBA Bunge Romania, is a Romanian company specialized in the wholesale supply of agricultural commodities, including grains, oilseeds, and biodiesel, serving the food and beverage sector. The company operates multiple facilities across Romania, providing crushing, refining, bottling, and biodiesel production services. Bunge Romania is ISO certified and holds additional certifications such as FSCC, KOSHER, EFISC, ISCC EU, and ISCC PLUS.	Soybean Crushing and Processing; Food and Beverage Ingredient Supply; Agricultural Commodity Distribution; Rapeseed Crushing and Processing; Agricultural Commodity Wholesale; Agri-Food Chain Innovation Services; Sunflower Seed Bottling; Grain Crushing and Refining; Oilseed Crushing and Refining; Biodiesel Production; Sustainable Agriculture Solutions
q01	12	irrelevant	country	Romgaz	ro	211130	Natural Gas Extraction	S.N.G.N. Romgaz S.A. is a Romanian public company engaged in the exploration, production, storage, and distribution of natural gas. The company also operates as an electricity producer and supplier, and provides technological transportation services. Romgaz is involved in geological exploration, well interventions, workovers, and special operations, and is a member of the European gas industry. The company is publicly traded on the Bucharest Stock Exchange and is majority owned by the Romanian State.	Natural Gas Distribution; Technological Transportation Services; Natural Gas Exploration and Production; Geological and Petroleum Technology Services; Sustainability and Educational Program Services; Digitalization Solutions Implementation; Gas Industry Knowledge Dissemination Services; International Gas and Energy Investment; Petroleum Rights Co-Ownership and Development; Methane Gas Extraction and Processing; Electric Energy Production and Supply; Well Intervention and Workover Services; AI-Driven Gas Operations Solutions; Underground Gas Storage Services
q01	13	irrelevant	country	METRO România	ro	424410	General Line Grocery Merchant Wholesalers	METRO Cash & Carry Romania SRL, known as METRO România, is a Romanian wholesale company that operates in the hospitality, restaurant, and catering sector, as well as serving independent retailers. The company supplies food and non-food products, including fresh and frozen produce, meat, dairy, beverages, and professional equipment and furniture. METRO România also provides digital services for retail operations and manages a central logistics platform for distribution and supply chain management. The company is involved in sustainability initiatives and is certified as a Top Employer in Romania and Europe.	Beverage Distribution; Wholesale Food and Non-Food Products; Fresh and Frozen Produce Distribution; Hospitality and Catering Product Distribution; Product Return and BuyBack Services; Digital Retail Application Services; Proprietary Brand Product Development and Distribution; Independent Retailer Product Distribution; Professional Equipment and Furniture Distribution; Logistics and Supply Chain Management; Restaurant Management Software Services; Cash and Carry Retail; Meat and Dairy Product Distribution
q01	14	irrelevant	country	Transgaz	ro	221210	Natural Gas Distribution	The National Gas Transmission Company “TRANSGAZ” S.A. is a Romanian joint-stock company engaged in the technical operation and management of the national gas transmission system. The company is responsible for the transmission and dispatching of natural gas, as well as research and design activities related to natural gas infrastructure. It also undertakes complementary functions such as purchasing gas for technological use and balancing the national gas transmission system. Transgaz is involved in international gas pipeline projects and participates in research and development initiatives. The company is publicly traded on the Bucharest Stock Exchange and is certified for sustainability and environmental management.	Engineering Project Management Services; Gas Balancing and Risk Management; Gas Transmission Research and Design; Gas Dispatching Services; Gas Transmission Technology Innovation; IT Platform Development and Management; International Gas Cooperation and Cooperation; Gas Purchasing and Technological Consumption; Natural Gas Transmission Management; Renewable Energy Integration Services; Gas Pipeline Project Execution; Regulatory Compliance and Institutional Integrity Services; Gas Transmission Corridor Development; Environmental Management and Sustainability Services
q01	15	relevant	country	Poșta Română	ro	491110	Postal Service	C.N. Poșta Română S.A. is a Romanian joint stock company engaged in providing universal postal services, including letter mail, parcel delivery, money transfer, and advertising services. The company also operates as a provider of business solutions, customs clearance, and electronic signature services. In addition to its core postal operations, Poșta Română is involved in public sector activities such as the sale of real estate and energy compensation services. The company serves the entire Romanian territory and is active in the postal organization and logistics sectors.	Research and Development Services; Public Sector Support Services; Medical and Educational Services; Customs Clearance Services; Electronic Signature Solutions; Subscription Newspaper and Magazine Services; Postal Services Distribution; Letter Mail and Parcel Delivery; Drop Mail Distribution; Redirect Mail Services; Advertising Mail Solutions; Business Correspondence Services; Online Shopping and eCommerce Solutions; Money Transfer Services
q01	16	irrelevant	country	OSCAR	ro	424720	Petroleum and Petroleum Products Merchant Wholesalers (except Bulk Stations and Terminals)	OSCAR DOWNSTREAM S.R.L is a Romanian private company engaged in the distribution and trading of oil and gas products, including diesel, gasoline, bitumen, and lubricants. The company operates a nationwide network of gas stations, manages in-house fuelling stations, and provides fuel card solutions for fleet and business clients. OSCAR also offers en-gross fuel solutions and manages a logistics infrastructure supported by tankers and storage facilities. The company serves sectors such as transport, agriculture, construction, and industry, and is part of the Alfa Group.	Logistics and Storage Services; En-Gross Fuel Solutions; Sustainable Fuel Supply Solutions; Lubricants Distribution; Franchise Network Development; Gas Station Network Operation; In-House Fuelling Station Services; Industry-Specific Fuel Solutions; Fuel Card Management Services; Fuel Distribution and Wholesale; Personalized Fuel Consumption Optimization Services; New Fuel Type Introduction; Bitumen Distribution; Fleet Card Services
q01	17	irrelevant	country	Prutul	ro	311225	Fats and Oils Refining and Blending	S.C. PRUTUL S.A., DBA Prutul, is a Romanian joint-stock company engaged in vegetable oil production, agribusiness, and the distribution of agricultural inputs. The company operates an integrated business model encompassing oilseed processing, refining, bottling, and marketing of vegetable oils, as well as the distribution of grain and the provision of transport and storage services. Prutul also exports vegetable oils and related products, including sunflower meal, sunflower husk pellets, and fatty acids, and manages a vegetable oil terminal at the Galati Commercial Harbor. The company is certified by organizations such as ISO, IFS, FSSC, FDA, Kosher, and Halal, and is affiliated with FOSFA and GAFTA.	Vegetable Oil Bottling and Packaging; Rapeseed Oil Production and Refining; Sunflower Husk Pellet Production and Distribution; Vegetable Oil Production and Refining; Vegetable Oil Export and Distribution; Sunflower Meal Production and Distribution; High Oleic Sunflower Oil Production; Fatty Acid Production and Distribution; Soybean Oil Production and Refining; Sustainable Sourcing and Environmental Solutions; Grain Purchase and Storage Services; Frying Sunflower Oil Production; Sunflower Oil Production and Refining; Agricultural Input Distribution; Agricultural Transport Services
q01	18	irrelevant	country	Valtec	ro	424720	Petroleum and Petroleum Products Merchant Wholesalers (except Bulk Stations and Terminals)	VALTEC Premium Lubricants SRL, DBA Valtec, is a Romanian company specialized in the supply and distribution of lubricants and related products for the industrial and automotive sectors. The company serves clients across industries such as automotive, transport, construction, agriculture, building maintenance, health, and hospitality in Central and Eastern Europe. In addition to its core activities, Valtec operates as a distributor of hygiene and cleaning supplies, personal protective equipment, and safety products, and offers a private brand, Valtec Safety, for personal protective equipment. The company maintains a supply chain and logistics network to support its operations.	Specialty Products Distribution; Industrial Lubricants Distribution; Tailored Industrial Solutions Services; Private Brand Personal Protective Equipment Distribution; Lubricants Distribution; Personal Protective Equipment Distribution; Hygiene and Cleaning Supplies Distribution; Auto Lubricants Distribution; Tailored Automotive Solutions Services; Safety Products Distribution
q01	19	partial	country	Valbur	ro	423840	Industrial Supplies Merchant Wholesalers	VALBUR TRADE & INVESTMENT Ltd., DBA Valbur, is a Romanian company specialized in facilitating global trade and investment, with a focus on the physical movement of industrial, petroleum, building materials, and beverages, as well as cereals and vegetable oils. The company operates internationally, serving clients in the industrial, petroleum, construction, and beverage sectors, and provides services such as aligning suppliers and buyers, managing transactions, and offering financial solutions.	Industrial Goods Trading; Beverage and Food Products Logistics Management; Market Price Advisory Services; Global Logistics Management; Construction Materials Trading; Product Quality Compliance Services; Financial Solutions Services; Transaction Management Services; Supplier and Buyer Alignment Services; Construction Materials Logistics Management; Global Trade Facilitation; Building Materials Trading; Petroleum Products Logistics Management; Petroleum Products Trading; Industrial Goods Logistics Management; Beverage and Food Products Trading
q01	20	partial	country	Brasov Industrial Portfolio	ro	493110	General Warehousing and Storage	Brasov Industrial Portfolio is a Romanian company specialized in the provision of production and logistics facilities, with a focus on high-tech solutions for economic development and logistics efficiency in the Brasov region. The company serves industries such as automotive, construction, consumer goods, and e-commerce, and operates facilities that include airport logistics and smart city logistics hubs. Its operations are supported by technologies such as automatic plate scanning, automatic weigh-in stations, and RFID systems, with a primary emphasis on last-mile logistics and urban warehousing.	High-Tech Logistics Facility Leasing; Consumer Goods Industry Facility Leasing; RFID System Implementation; High-Tech Production Facility Leasing; Urban Warehousing Solutions; E-commerce Logistics Solutions; Automatic Weigh-In Station Installation; Industrial Facility Leasing; Construction Industry Facility Leasing; Last-Mile Logistics Solutions; Logistics Facility Leasing; Automotive Industry Facility Leasing; Automatic Plate Scanning System Implementation; Advanced Logistics Technology Integration
q01	21	irrelevant	country	STILL	ro	333924	Industrial Truck, Tractor, Trailer, and Stacker Machinery Manufacturing	STILL Material Handling Romania SRL is a Romanian company engaged in the development, production, and distribution of intralogistics equipment and systems. The company supplies and rents forklifts, transport and towing equipment, and internal logistics solutions, including static and dynamic racking, mobile racking, and automated guided vehicles. STILL also provides fleet management services, digital service management tools, and repair and maintenance solutions. The company serves a global market and operates production sites in Germany, Italy, China, France, and Brazil.	Digital Fleet Management Tools Development; Static and Dynamic Racking Systems Integration; Forklift Manufacturing; Intralogistics Equipment Repair and Maintenance; Towing Equipment Manufacturing; Fleet Management Solutions Development; Reach Truck Manufacturing; Intralogistics Equipment Rental Services; Warehouse Services; Pallet Truck Manufacturing; Intralogistics Equipment Distribution; Mobile Racking Systems Integration; Internal Logistics Systems Development; Automated Guided Vehicle Integration; Intralogistics Equipment Manufacturing
q01	22	irrelevant	country	AQUA CENTER	ro	326122	Plastics Pipe and Pipe Fitting Manufacturing	AQUA INVEST, known as AQUA CENTER, is a Romanian company engaged in the production and export of composite pipe products, including composite pipes, PVC pipes, and PVC fittings, serving the construction, water supply, and drainage sectors. The company operates a logistics and production center and exports its products to over 40 countries, with a significant market presence in China. AQUA CENTER is ISO certified and is involved in the development of Yongtong Industrial Park and the expansion of production capacity.	Pipe and Fitting Exporting; Drainage Product Distribution; Composite Pipe Manufacturing; Industrial Park Development Services; Water Supply Product Distribution; PVC Pipe Manufacturing; PVC Fitting Manufacturing; Construction Material Distribution
q01	23	irrelevant	country	European Drinks	ro	312112	Bottled Water Manufacturing	S.C. European Drinks S.A., DBA European Drinks, is a Romanian company specialized in the production and distribution of mineral water, carbonated water, energy drinks, beer, and various soft drinks. The company operates as a holding with subsidiaries in the food and drink sector, serving both domestic and international markets. European Drinks also engages in community support initiatives and participates in international industry events.	Beverage Production and Distribution; Beer Production and Distribution; International Beverage Exporting; Food Product Manufacturing; Food Product Brand Development Services; Tonic Beverage Production and Distribution; Domestic Beverage Exporting; Fruit-Based Beverage Production and Distribution; Beverage Brand Development Services; Mineral Water Production and Distribution; Carbonated Water Production and Distribution; Energy Drink Production and Distribution; Food Product Distribution; Soft Drink Production and Distribution
q01	65	irrelevant	country	Sincron HR	ro	513210	Software Publishers	HR Sincron SRL, DBA Sincron HR, is a Romanian software company specialized in providing HR software solutions, including recruitment, talent management, and HR analytics. The company offers a comprehensive platform that covers areas such as recruitment, onboarding, staffing, time and attendance, payroll, performance management, training management, employee self-service, internal communication, and HR analytics. Sincron HR serves clients across Europe and North America, supporting businesses of various sizes in streamlining HR processes and operational efficiency.	HR Software User Training Services; HR Software Customization Services; HR Management Platform Solutions; Performance Management Software Development; Training Management Software Development; Talent Management Software Development; Employee Self-Service Solutions Development; Time and Attendance Management Software Development; Payroll Management Software Development; Recruitment Management Software Development; HR Software Implementation Consulting; HR Software Maintenance Services; Cloud-Based HR Platform Deployment; HR Analytics Solutions Development; HR Process Automation Solutions Development
q01	329	irrelevant	country	EcoExpert Green Consulting	ro	541620	Environmental Consulting Services	EcoExpert Green Consulting S.R.L is a Romanian consulting company engaged in environmental, social, and governance (ESG) solutions. The company provides services such as carbon footprint calculation, sustainability reporting, and Net Zero compliance, utilizing technologies including Blockchain, AI, and sensors. EcoExpert Green Consulting serves a diverse client base, including large enterprises, start-ups, and financial institutions, and offers modular ESG solutions to support companies in achieving sustainability objectives. The company also operates a platform for ESG reporting and maintains a network of partners and clients to facilitate access to sustainability tools and resources.	AI-Driven Sustainability Solutions; Sustainability Resource Optimization Consulting; Corporate Sustainability Reporting Services; Governance Impact Assessment Services; Environmental Impact Assessment Services; Carbon Footprint Calculation Services; Net Zero Compliance Consulting; Sustainability Performance Optimization Consulting; ESG Platform Solutions; Blockchain-Based Sustainability Solutions; Sustainability Cost Reduction Consulting; ESG Solutions Consulting; Social Impact Assessment Services; Sustainability Reporting Services; Customized Sustainability Strategy Development; Sensor-Based Sustainability Solutions
q06	74	irrelevant	country	Novative	ch	541612	Human Resources Consulting Services	NOVATIVE SA is a Swiss private company that provides human resources and payroll outsourcing services, as well as HR management software solutions. The company offers cloud-based HR and payroll platforms, including HRMS, payroll software, and workforce management tools such as absence management, time and attendance, and workforce scheduling. Novative also delivers HR analytics, performance management, talent management, and finance services. Its operations serve multinational corporations, banks, industries, services, distribution, hotels, and NGOs in Europe, the USA, and the Middle East. The company is ISO certified and holds additional certifications for security and compliance.	Global Payroll Solutions Services; Benefits Management Services; Mobile HR Application Development; HR Analytics and Reporting Solutions; Staff Training Management Solutions; Payroll Management Software Development; HR and Payroll Software Development; Performance Review and Development Solutions; Absence and Time Attendance Management Solutions; Workforce Scheduling Solutions Development; HR and Payroll Outsourcing Services; Talent Management Solutions Development; Expense Management Solutions Development; Recruitment Management Solutions Development; Cloud-Based HR Platform Deployment
q06	81	irrelevant	country	HR Campus	ch	541612	Human Resources Consulting Services	HR Campus AG is a Swiss private company that provides human resources consulting, software solutions, and related services. The company offers HR consulting, software implementation, and HR outsourcing, as well as interim management and change management services. Its offerings include HR administration, payroll, travel and expenses management, time and document management, pension fund management, talent management, HR analytics, and external workforce management. HR Campus serves clients in Switzerland and the Romandie region, including SMEs, large enterprises, and public sector organizations.	External Workforce Management Services; Payroll Administration Services; Expense and Travel Management Solutions; Employee Recruitment and Onboarding Services; HR Analytics and Reporting Solutions; HR Outsourcing and Interim Management Services; Talent Management and Development Services; Time and Attendance Management Solutions; HR Administration and Compliance Services; Employee Wellbeing and Engagement Services; Holistic HR Consulting Services; HR Software Implementation and Integration; HR Strategy Development and Implementation; Pension Fund Management Services; Document and File Management Solutions
q06	88	irrelevant	country	Foederis	ch	513210	Software Publishers	Foederis is a Swiss company specialized in the development and distribution of software solutions for talent management and human resources information systems. The company provides a SaaS-based HR software suite that covers transactional HR processes, training, performance, competencies, career management, recruitment, and HR consulting, serving clients primarily in Switzerland and internationally. Foederis also offers customer support and consulting services related to its HR software solutions.	HR Software Customization Services; Competency Management Software Development; Performance Management Software Development; Training Management Software Development; Talent Management Software Development; HR Data Intelligence Solutions; HR Software Suite Development; HR Software Suite Distribution; HR Consulting Services; Recruitment Management Software Development; HR Software Integration Services; SaaS-Based HR Solutions Delivery; Career Management Software Development; HR Systems Optimization Consulting; Talent Management Strategy Consulting
q06	127	irrelevant	country	Deepstributed	ch	513210	Software Publishers	Deepstributed Ltd. is a Swiss company engaged in providing machine learning experimentation platforms. The company offers a platform that enables users to run machine learning experiments without configuration, utilizing private, community, or cloud GPU resources. Deepstributed serves machine learning engineers, startups, and businesses seeking to enhance their machine learning capabilities, with a focus on distributed computing and GPU resource management.	ML Experiment Parameterization and Queuing; ML Platform Scalability Solutions; Cloud GPU Resource Access Services; Model Linking and Sharing Services; Community-Driven Platform Development; Distributed ML Experiment Execution; User Interface Design and Accessibility; GPU Resource Allocation and Sharing; Machine Learning Experimentation Platform Development; Community GPU Resource Access Services; ML Experiment Management and Tracking Services; Code and Data Linking Services
q06	297	irrelevant	country	Solarschmiede	ch	541330	Engineering Services	Solarschmiede GmbH, DBA Solarschmiede, is a Swiss company specialized in the planning and technical consulting of photovoltaic systems. The company provides services including technical consulting, detailed planning, project coordination, and the use of drone photography for aerial and thermal imaging. Solarschmiede serves both new construction and renovation projects, offering tailored solutions for solar energy utilization.	Thermal Imaging Services for Solar Projects; Tailored Solar Solutions Development; Drone Photography Services for Project Marketing; Photovoltaic System Planning Services; Photovoltaic Project Coordination; Solar Project Cost Estimation; Solar Plant Layout and Design; Solar Project Timeline Development; Aerial Imaging Services for Solar Projects; Solar Energy Renovation Consulting; Drone Photography Services for Project Planning; Photovoltaic Project Consulting
q06	301	irrelevant	country	Terzic Urban Engineering	ch	541330	Engineering Services	Terzic Urban Engineering is a Swiss company specialized in urban engineering solutions, including the design of road, highway, and railway networks, as well as sustainable public transport system development. The company also provides planning and management for private, public, and slow traffic, and offers services in traffic moderation, road safety solutions, and parking and rest area planning. Terzic Urban Engineering serves the Ticino region and beyond.	Slow Traffic Planning and Management; Urban Design and Planning Services; Sustainable Public Transport System Development; Futuristic Urban Space Development; Creative Urban Design Integration; Urban Ecosystem Integration Consulting; Parking and Rest Area Planning; Private and Public Traffic Planning and Management; Road and Highway Network Design; Urban Infrastructure Engineering and Design; Precision Engineering and Construction Services; Traffic Moderation and Road Safety Solutions; Railway Network Design; Cultural Integration and Storytelling Design
q06	304	irrelevant	country	visusta	ch	541620	Environmental Consulting Services	visusta GmbH, DBA visusta, is a Swiss company specialized in providing consulting and interventions to support businesses in achieving sustainability goals. The company focuses on ecological and economic viability, offering services in energy efficiency, greenhouse gas reduction, renewable energy planning, circular economy development, water and wastewater management, and resource optimization. visusta serves a broad range of clients, including those in the food industry, and emphasizes a pragmatic approach to embedding sustainability within business models.	Water and Wastewater Management; Greenhouse Gas Reduction Consulting; Circular Economy Development; Sustainability Intervention Services; Sustainability Consulting Services; Renewable Energy Planning; Resource Optimization Consulting; Energy Efficiency Consulting
q06	312	irrelevant	country	MA-Engineering	ch	541330	Engineering Services	MA-Engineering GmbH, DBA MA-Engineering, is a Swiss engineering company specialized in sustainable construction projects. The company provides tailored electrical and lighting planning, photovoltaic solutions, and other engineering services for clients in the construction and project management sectors, with a focus on sustainability and efficiency.	Specialized Engineering Consulting Services; Construction Project Management Consulting; Project Detailing and Documentation Services; Sustainable Construction Engineering Services; Customized Engineering Solutions Development; Energy Efficiency Engineering Services; Photovoltaic System Design Services; Electrical and Lighting Planning Services
q06	374	irrelevant	country	Greenbatt Technology	ch	335910	Battery Manufacturing	Greenbatt Technology Holding AG is a Swiss company engaged in battery technology, with a focus on lithium-ion and solid-state batteries. The company develops and manufactures battery cells using technologies such as Thick Layer Technology and composite cathodes, and supplies battery solutions for industries including electric vehicles, renewable energy storage, and consumer electronics. Greenbatt Technology also emphasizes sustainability by promoting the recycling and reuse of materials and contributing to the energy transition.	Battery Technology Research and Development; Thick Layer Battery Cell Manufacturing; Lithium-Ion Battery Manufacturing; Solid-State Battery Manufacturing; Consumer Electronics Battery Supply; Renewable Energy Storage Battery Supply; Electric Vehicle Battery Supply; Composite Cathode Manufacturing; Sustainable Energy Transition Solutions; Battery Cell Recycling and Material Reuse Solutions; Sodium Battery Manufacturing; Battery Cell Automation Solutions
q06	443	relevant	country	Novartis	ch	325412	Pharmaceutical Preparation Manufacturing	Novartis AG is a Swiss multinational pharmaceutical corporation engaged in the development, manufacturing, and distribution of pharmaceuticals, vaccines, generic drugs, contact lenses, diagnostics, animal health products, over-the-counter drugs, and veterinary medicine. The company operates in 118 countries and serves a global patient base, with a focus on therapeutic areas such as cardiovascular, renal and metabolic, immunology, neuroscience, and oncology. Novartis also engages in research and development, including gene therapies, radioligand therapy, and RNA therapies, and is involved in biotechnology and eyewear. The company is publicly traded and is committed to sustainability and ethical business practices.	Global Health Program Services; Veterinary Medicine Manufacturing; Generic Drug Manufacturing; Over-the-Counter Drug Manufacturing; Animal Health Product Development; Gene Therapy Development; Diagnostic Product Development; Contact Lens Manufacturing; RNA Therapy Development; Pharmaceutical Product Research and Development; Vaccine Manufacturing; Biotechnology Product Development; Radioligand Therapy Development; Therapeutic Drug Manufacturing; Pharmaceutical Product Distribution
q06	444	relevant	country	Lonza	ch	325412	Pharmaceutical Preparation Manufacturing	Lonza Group Ltd is a Swiss contract development and manufacturing organization that provides integrated solutions for the healthcare industry, including biologics, small molecules, and specialized modalities. The company operates across three business platforms—Integrated Biologics, Advanced Synthesis, and Specialized Modalities—offering services such as custom manufacturing, product development, and detection systems for the pharmaceutical and biotechnology sectors. Lonza serves clients in Europe, North America, and Asia, and is publicly traded on the SIX Swiss Exchange and the SGX Singapore Exchange.	Microbial Product Manufacturing; Sustainable Manufacturing Solutions; Specialized Modalities Manufacturing; Small Molecule Manufacturing; Pharmaceutical Product Development Services; Integrated Biologics Solutions; Cell and Gene Therapy Manufacturing; Advanced Synthesis Services; Bioscience Detection System Development; mRNA Therapeutics Manufacturing; Bioconjugate Manufacturing; Active Pharmaceutical Ingredient Manufacturing; Biopharmaceutical Manufacturing; Pharmaceutical Technology Solutions Development
q06	445	relevant	country	Octapharma	ch	325414	Biological Product (except Diagnostic) Manufacturing	Octapharma AG is a Swiss pharmaceutical company engaged in the development, manufacturing, and distribution of human protein-based therapies. The company operates research and development, manufacturing, and plasma donation center facilities, and manages a global supply chain and logistics network to support its international operations. Octapharma serves patients in 120 countries, with a focus on therapeutic areas such as haematology, immunotherapy, and critical care.	Immunotherapy Product Manufacturing; Therapeutic Portfolio Expansion Services; Rare Disease Medicine Manufacturing; Sustainability and Social Responsibility Services; Coagulopathy and Bleeding Disorder Medicine Manufacturing; Critical Care Therapy Manufacturing; Human Cell Line Therapy Manufacturing; Human Protein Development; Community Health Improvement Services; Patient Engagement Services; Haematology Therapy Manufacturing; Plasma-Based Therapy Manufacturing; Human Protein Distribution; Human Protein Manufacturing
q06	446	partial	country	Nestlé Health Science	ch	325411	Medicinal and Botanical Manufacturing	Société des Produits Nestlé S.A., DBA Nestlé Health Science, is a Swiss company specialized in nutritional science and health solutions. The company operates in the healthcare sector, offering products such as medical nutrition, active lifestyle nutrition, and pharmaceutical solutions for various life stages, including pediatrics and healthy aging. Nestlé Health Science serves clients in over 140 countries and maintains a global supply chain with multiple factories and a network of scientific researchers and developers. The company is also involved in research and development and has a presence in the e-health and e-commerce domains.	Medical Nutrition Product Manufacturing; Nutritional Product Manufacturing; Nutritional Product Research and Development; Pharmaceutical Solution Development; Active Lifestyle Nutrition Product Manufacturing; Global Nutrition Product Distribution; Nutrition Science Research and Innovation; Digital Health Solution Development; Healthcare Partnership Development; Healthcare Solutions Development; Patient and Caregiver Support Services; Nutrition Outcome Improvement Services; E-Health Platform Development
q06	447	relevant	country	Ferring	ch	325412	Pharmaceutical Preparation Manufacturing	Ferring International Center S.A. is a Swiss biopharmaceutical company engaged in the research, development, and manufacturing of pharmaceutical products and therapies for reproductive medicine, maternal health, gastroenterology, urology, and microbiome research. The company also operates as a pharmaceutical manufacturer and provides clinical research services. Ferring serves markets in over 100 countries and maintains a global presence with offices and manufacturing sites in Europe, the United States, Asia, and South America.	Microbiome-Based Therapeutic Development; Biopharmaceutical Research and Development; Urology Therapeutic Development; Crohn’s Disease Therapy Development; Gastroenterology Therapeutic Development; Prostate Cancer Therapy Development; Reproductive Health Product Development; Fertility Treatment Services; Uro-Onco Gene Therapy Development; Pharmaceutical Manufacturing; Assisted Reproduction Technology Development; Ulcerative Colitis Therapy Development; Maternal Health Product Development; Pharmaceutical Product Exporting; Pharmaceutical Product Distribution
q06	448	relevant	country	Galderma	ch	325412	Pharmaceutical Preparation Manufacturing	Galderma S.A. is a Swiss pharmaceutical company engaged in the development, manufacturing, and distribution of dermatological treatments and skin care products. The company operates in the dermatology and pharmaceutical sectors, providing injectable aesthetics, dermatological skincare, and therapeutic dermatology solutions. Galderma serves healthcare professionals and consumers globally, with operations in multiple countries and a network of subsidiaries and affiliates. The company is publicly traded on the SIX Swiss Exchange.	Consumer Dermatological Product Manufacturing; Dermatological Product Distribution; Healthcare Professional Partnership Services; Dermatological Product Manufacturing; Dermatological Product Research and Development; Science-Based Dermatology Solutions Development; Injectable Aesthetics Product Manufacturing; Dermatological Skincare Product Manufacturing; Prescription Pharmaceutical Manufacturing; Sustainable Dermatology Product Development; Therapeutic Dermatology Product Manufacturing
q06	449	relevant	country	Sumitomo Pharma Switzerland	ch	325412	Pharmaceutical Preparation Manufacturing	Sumitomo Pharma Switzerland GmbH is a Swiss pharmaceutical company engaged in the manufacturing and distribution of pharmaceutical products, with a focus on oncology, urology, women’s health, rare diseases, cell and gene therapies, and central nervous system disorders. The company also conducts research and development activities, including drug discovery and product development, and is involved in co-promotion agreements. Sumitomo Pharma Switzerland serves markets in the U.S., Canada, and Europe, and is part of a global network of subsidiaries and affiliates supporting its operations in these regions.	Women’s Health Drug Development; Pharmaceutical Research and Development; Pharmaceutical Manufacturing and Distribution; Healthcare Innovation Solutions; Psychiatry Drug Development; Oncology Drug Development; Drug Discovery Services; Therapeutic Product Development; Data-Driven Pharmaceutical Marketing; Urology Drug Development; Cell and Gene Therapy Development; CNS Drug Development; Rare Disease Drug Development; Co-Promotion Agreement Services; Neurology Drug Development
q06	450	relevant	country	Lonza Capsules & Health Ingredients	ch	325412	Pharmaceutical Preparation Manufacturing	Lonza Group Ltd, known as Lonza Capsules & Health Ingredients, is a Swiss pharmaceutical and nutraceutical company engaged in capsule design, manufacturing, and encapsulation technology. The company provides products such as hard empty capsules, encapsulation equipment, and specialty health ingredients, serving customers in the pharmaceutical and nutraceutical industries worldwide. Lonza Capsules & Health Ingredients also offers technical and regulatory support, as well as manufacturing and technical services related to capsule design and encapsulation.	Capsule Filling Equipment Manufacturing; Continuous Flow Manufacturing Solutions; Nutraceutical Ingredient Distribution; Global Pharmaceutical Ingredient Distribution; Capsule Manufacturing and Distribution; AI-Powered Manufacturing Solutions; Sustainability Consulting Services; Capsule Sealing Equipment Manufacturing; Custom Capsule Design Services; Specialty Capsule Manufacturing; Technical and Regulatory Support Services; Specialty Health Ingredient Supply; Encapsulation Equipment Manufacturing; Encapsulation Technology Solutions
q06	451	relevant	country	Siegfried	ch	325411	Medicinal and Botanical Manufacturing	Siegfried AG is a Swiss contract development and manufacturing organization engaged in the production of active pharmaceutical ingredients, intermediates, and finished dosage forms. The company provides services including process development, optimization, registration, production, packaging, and logistics for pharmaceutical and chemical clients. Siegfried operates multiple production sites in Switzerland, Germany, Spain, France, Malta, the USA, and China, and is ISO certified. The company also engages in research and development activities and is a member of the Dow Jones Sustainability Index Europe.	Pharmaceutical Logistics and Distribution; Pharmaceutical Intermediate Manufacturing; Pharmaceutical Research and Development; Sustainable Pharmaceutical Manufacturing Solutions; Advanced Pharmaceutical Technology Implementation; Pharmaceutical Registration Support Services; Pharmaceutical Packaging and Labeling Services; Active Pharmaceutical Ingredient Manufacturing; Global Pharmaceutical Supply Chain Management; Pharmaceutical Process Development and Optimization; Pharmaceutical CDMO Services; Finished Dosage Form Manufacturing
q06	452	partial	country	PSI CRO	ch	541715	Research and Development in the Physical, Engineering, and Life Sciences (except Nanotechnology and Biotechnology)	PSI CRO AG is a Swiss contract research organization that provides clinical research services, including clinical trial planning, execution, and site support for pharmaceutical and biotechnology companies. The company operates globally, with offices in multiple countries, and offers services in areas such as precision medicine, complex clinical trials, and pharmaceutical manufacturing. PSI CRO also develops proprietary tools for clinical trial feasibility assessment and planning.	Healthcare and Wellness Research Services; Clinical Site Support Services; Clinical Trial Planning and Execution; Global Clinical Trial Coordination; Therapeutic Area-Specific Trial Services; Clinical Trial Technology Solutions Development; Patient Enrollment Management Services; Feasibility Assessment Services; Clinical Trial Management Services; Complex Trial Management Services; Strategic Clinical Research Partnership Development; Pharmaceutical Manufacturing Support Services; Precision Medicine Trial Services; Clinical Trial Project Delivery Optimization
q06	453	relevant	country	Acino	ch	325412	Pharmaceutical Preparation Manufacturing	Acino International AG is a Swiss pharmaceutical company engaged in the development, manufacturing, and international marketing of pharmaceuticals, including prescription medicines, over-the-counter products, and food supplements. The company operates in therapeutic areas such as aesthetics, allergology, cardiovascular diseases, and women’s health, and provides contract manufacturing and out-licensing services to pharmaceutical companies. Acino also offers pharmacovigilance services and is certified in EU GMP and B-BBEE. The company serves clients in over 90 countries, with a presence in the Middle East, Turkey, Africa, Ukraine, Eurasian countries, and Latin America.	Pharmaceutical Quality Assurance Services; Strategic Pharmaceutical Partnership Development; Pharmaceutical Out-Licensing Solutions; Pharmaceutical Product Development; Contract Pharmaceutical Manufacturing; Advanced Drug Delivery System Development; Over-the-Counter Product Manufacturing; Pharmaceutical Out-Licensing Services; Pharmaceutical Pharmacovigilance Services; Prescription Medicine Manufacturing; Novel Drug Formulation Development; Pharmaceutical Product International Distribution; Pharmaceutical Product Manufacturing; Food Supplement Manufacturing
q06	454	relevant	country	CordenPharma	ch	325412	Pharmaceutical Preparation Manufacturing	Corden Pharma International GmbH, DBA CordenPharma, is a Swiss contract development and manufacturing organization specialized in the development and manufacturing of active pharmaceutical ingredients (APIs), lipid excipients, drug products, injectables, peptides, oligonucleotides, and small molecules. The company serves pharmaceutical and biotechnology companies worldwide, providing contract manufacturing services for APIs, drug products, and lipid excipients. CordenPharma operates a global network of cGMP facilities across Europe and North America, and is certified to GMP standards. The company also develops technologies for the commercialization of highly potent medicines and is involved in the research and development of nanomedicines and other complex pharmaceutical modalities.	Bioavailability Enhancement Technology Application; Lyophilization Technology Application; Peptide and Oligonucleotide Manufacturing; Lipid Excipient Development and Manufacturing; Small Molecule Manufacturing; API Development and Manufacturing; Injectable Product Development and Manufacturing; Drug Product Development and Manufacturing; Crystallization Technology Application; Pharmaceutical Contract Development and Manufacturing; Pharmaceutical Packaging Services; Advanced Pharmaceutical Technology Application; High Containment Technology Application; Solid Form and Polymorphism Technology Application; Pharmaceutical Purification Technology Application; Flow Chemistry Technology Application
q06	455	relevant	country	PolyPeptide	ch	325412	Pharmaceutical Preparation Manufacturing	PolyPeptide Group AG is a Swiss contract development and manufacturing organization engaged in the development and manufacturing of peptide- and oligonucleotide-based active pharmaceutical ingredients and intermediates for pharmaceutical and biotechnology companies. The company provides services across pre-clinical, clinical, and commercial stages, including process development, GMP compliance, quality assurance, regulatory support, and commercial manufacturing. PolyPeptide operates GMP-certified facilities in Europe, the United States, and India, and supports the development of therapies for both common and rare diseases. The company also engages in research and development, including the use of green chemistry principles and the development of neoantigen labs for immunotherapy.	Sustainable Manufacturing Solutions; GMP Compliance Consulting; Cosmetic Peptide Manufacturing; NeoAntigen Lab Services; Green Chemistry Implementation Services; Quality Assurance Services; Pre-GMP Development Services; Immunotherapy Product Development; Peptide and Oligonucleotide CDMO Services; Pharmaceutical R&D Services; Active Pharmaceutical Ingredient Manufacturing; Regulatory Affairs Support Services; Commercial API Manufacturing; Process Development and Optimization Services; Generics API Manufacturing
q06	456	relevant	country	Idorsia	ch	325412	Pharmaceutical Preparation Manufacturing	Idorsia Pharmaceuticals Ltd is a Swiss biopharmaceutical company engaged in the discovery, development, and commercialization of small molecule therapeutics. The company operates in the pharmaceutical and biotechnology sectors, with activities including research and development, medical and pharmaceutical manufacturing, and the commercialization of pharmaceutical products. Idorsia serves global markets through subsidiaries in multiple countries and is publicly traded on the Swiss stock exchange.	Small Molecule Therapeutics Development; Small Molecule Therapeutics Discovery; Therapeutic Asset Advancement; Biopharmaceutical Research and Development; Strategic Partnership Development; Pharmaceutical Manufacturing; Innovative Medicine Commercialization; Patient-Centric Treatment Solutions; Global Pharmaceutical Distribution
q06	457	relevant	country	Stallergenes Greer	ch	325412	Pharmaceutical Preparation Manufacturing	Stallergenes Greer International AG is a Swiss biopharmaceutical company engaged in the diagnosis and treatment of allergies through allergen immunotherapy. The company develops and commercializes products for respiratory, food, and veterinary allergies, including sublingual and subcutaneous allergen immunotherapy, oral immunotherapy for peanut allergies, and veterinary allergen immunotherapy. Stallergenes Greer operates globally, with a presence in the Nordic region and affiliates in multiple countries, and is involved in research and development, as well as the commercialization of allergy therapeutics.	Allergen Immunotherapy Product Development; Oral Peanut Allergy Immunotherapy Manufacturing; Veterinary Allergen Immunotherapy Development; Allergy Product Global Distribution; Allergy Research Foundation Support Services; Subcutaneous Allergen Immunotherapy Manufacturing; Precision Medicine Solutions Development; Personalized Allergy Treatment Services; Allergy Research and Development; Sublingual Allergen Immunotherapy Manufacturing; Allergy Diagnosis and Treatment Services; Allergy Product Commercialization
q06	458	relevant	country	IBSA	ch	325412	Pharmaceutical Preparation Manufacturing	IBSA Institut Biochimique SA is a Swiss pharmaceutical company engaged in the production of therapeutic products, including prescription drugs, over-the-counter medicines, medical devices, and food supplements. The company serves healthcare professionals and the pharmaceutical industry globally, with a focus on areas such as reproductive medicine, endocrinology, pain and inflammation, osteoarticular diseases, aesthetic medicine, dermatology, uro-gynaecology, cardiometabolic diseases, and respiratory diseases. IBSA also engages in licensing activities and international distribution, and is committed to sustainability through its operations and product development.	Osteoarticular Disease Product Distribution; Aesthetic Medicine Product Distribution; Dermatology Product Distribution; Patent Portfolio Management; Cardiometabolic Disease Product Distribution; Uro-Gynaecology Product Distribution; Respiratory Disease Product Distribution; Pharmaceutical Product Development; Novel Treatment Solution Development; Pharmaceutical Wholesale; Therapeutic Area Product Distribution; Reproductive Health Product Distribution; Sustainable Pharmaceutical Manufacturing; Pharmaceutical Product Licensing Services; Pain and Inflammation Product Distribution; Consumer Health Product Distribution; Endocrinology Product Distribution
q06	459	relevant	country	Bachem	ch	325412	Pharmaceutical Preparation Manufacturing	Bachem AG is a Swiss pharmaceutical company engaged in the development and manufacturing of peptides and oligonucleotides. The company provides products and services for research, clinical development, and commercial applications, including the production of biologically active peptides, amino acid derivatives, and biochemicals. Bachem also offers CMC development, peptide and oligonucleotide new chemical entity development, commercial API manufacturing, custom peptide synthesis, research-grade production, diagnostics, and cosmetics. The company operates internationally, with facilities in Switzerland, the United States, and Asia, and is certified for GMP compliance.	Cosmetics Manufacturing; Research and Specialty Product Manufacturing; Peptide and Oligonucleotide Manufacturing; Biotechnology Product Distribution; Peptide and Oligonucleotide Development; Amino Acid Derivative Manufacturing; Custom Peptide Synthesis Services; Regulatory Compliance Consulting; API Manufacturing; Sustainable Product Development; Diagnostics Manufacturing; Pharmaceutical Product Distribution; New Chemical Entity Development
q06	460	relevant	country	Alcon	ch	325412	Pharmaceutical Preparation Manufacturing	Alcon Pharmaceuticals Ltd. is a global pharmaceutical company engaged in ophthalmic pharmaceutical products and services, including surgical and vision care solutions. The company serves a broad market of over 260 million people in more than 140 countries, with a focus on research and development and a commitment to advancing access to eye care. Alcon also operates as a provider of ophthalmic pharmaceutical products and services, with a presence in the United States and a global commercial footprint.	Ophthalmic Surgical Solution Development; Ophthalmic Product Pipeline Advancement; Ophthalmic Pharmaceutical Product Distribution; Ophthalmic Pharmaceutical Product Commercialization; Ophthalmic Pharmaceutical Product Manufacturing; Ophthalmic Product Research and Development; Eye Care Professional Partnership Services; Vision Care Solution Development
q06	461	relevant	country	CARBOGEN AMCIS	ch	325412	Pharmaceutical Preparation Manufacturing	CARBOGEN AMCIS AG, DBA CARBOGEN AMCIS, is a Swiss pharmaceutical company that operates as a Contract Development and Manufacturing Organization (CDMO) for the pharmaceutical and biopharmaceutical sectors. The company provides contract chemical process research and development, API supply, drug product development, and contract research and manufacturing services. It also offers specialized services such as process research, high-potency API manufacturing, clean room facilities for antibody drug conjugates, and chromatography services. CARBOGEN AMCIS serves clients globally from multiple sites in Europe and Asia.	Pharmaceutical Process Research and Development; Drug Substance Custom Manufacturing; API Custom Manufacturing; Antibody Drug Conjugate Manufacturing; Pharmaceutical Contract Development and Manufacturing; Drug Product Development Services; Clean Room Pharmaceutical Manufacturing; Cholesterol and Vitamin D Analog Manufacturing; Highly Potent API Manufacturing; Chromatography Services; Pharmaceutical Commercialization Services; Customized Pharmaceutical Solutions Development
q06	462	partial	country	Teoxane	ch	325412	Pharmaceutical Preparation Manufacturing	TEOXANE SA is a Swiss medical equipment manufacturer engaged in the development and production of hyaluronic acid-based dermal fillers and dermocosmetics for aesthetic medicine. The company also provides training and support for healthcare professionals and patients, and operates internationally through subsidiaries and distributors in multiple regions. Teoxane is certified for its products and complies with European regulations.	Aesthetic Medicine Product Distribution; Patient Education Services; Dermocosmetic Product Manufacturing; Hyaluronic Acid Formulation Development; Healthcare Professional Training Services; Anti-Aging Solution Development; Advanced Dermal Filler Technology Development; Dermal Filler Manufacturing; Ethical Product Development; Scientific Research and Development; At-Home Skincare Product Manufacturing; Sustainable Product Development
q06	463	relevant	country	OM Pharma	ch	325414	Biological Product (except Diagnostic) Manufacturing	OM Pharma Ltd., DBA OM Pharma, is a Swiss biopharmaceutical company engaged in the development and commercialization of bacterial lysates and immunomodulators for the prevention and treatment of respiratory and urinary tract infections, as well as vascular diseases. The company operates internationally, distributing its products in over 100 countries and maintaining a presence in Central America. OM Pharma also conducts research and development activities, including clinical trials and collaborations with other biotech firms, and is involved in the manufacturing of microbial-derived immunotherapeutic products for immunological disorders.	Chronic Venous Insufficiency Treatment Solutions; Biopharmaceutical Product Research and Development; Urinary Tract Infection Treatment Solutions; Infectious Disease Treatment Solutions; Menometrorragia Treatment Solutions; International Biopharmaceutical Partnership Development; Vascular Disease Treatment Solutions; Hemorrhoid Treatment Solutions; Bacterial Lysate Manufacturing; Immunomodulator Manufacturing; Respiratory Tract Infection Treatment Solutions; Immunological Disorder Treatment Solutions; Microangiopathy Treatment Solutions; Immunotherapeutic Product Development; Biopharmaceutical Product Distribution
q06	464	relevant	country	MSD	ch	325412	Pharmaceutical Preparation Manufacturing	MSD Merck Sharp & Dohme AG is a Swiss biopharmaceutical company engaged in the research, development, manufacturing, and commercialization of medicines and vaccines. The company operates in multiple therapeutic areas, including oncology, infectious diseases, immunology, cardio-metabolic disorders, and vaccines. MSD also provides analytical methods for new active substances and medicines, and manages a supply chain and logistics network for global distribution. The company is certified and participates in clinical trials and research activities.	Pharmaceutical Commercialization and Distribution; Biologic Therapy Development; Pharmaceutical Research and Development; Healthcare Access Consulting; Infectious Disease Medicine Development; Pharmaceutical Manufacturing; Women’s Health Medicine Development; Prevention Medicine Development; Clinical Research Services; Oncology Medicine Development; Vaccine Manufacturing; Vaccine Research and Development; Diabetes Medicine Development; Immunology Medicine Development; Cardio-Metabolic Medicine Development
q06	465	relevant	country	AbelaPharm	ch	325412	Pharmaceutical Preparation Manufacturing	Abela Pharm GmbH, DBA AbelaPharm, is a Swiss pharmaceutical company engaged in the development, production, and distribution of natural and licensed dietary supplements. The company also operates as a manufacturer of pharmaceutical products and provides expertise in media and pharmaceutical marketing, as well as commercial knowledge related to dietary supplements. AbelaPharm serves a global market, with operations in multiple countries across Europe, the Balkans, and the Middle East, and is expanding its presence in the UAE.	Gastroenterology Supplement Manufacturing; Pulmonology Supplement Manufacturing; Licensed Supplement Manufacturing; Dietary Supplement Marketing Services; Natural Supplement Manufacturing; Pharmaceutical Marketing Services; Cardiology Supplement Manufacturing; Rheumatology Supplement Manufacturing; Pharmaceutical Product Research and Development; Commercial Knowledge Consulting; Dietary Supplement Distribution; Medical Field Supplement Manufacturing; Media Marketing Consulting; Dietary Supplement Manufacturing; Pharmaceutical Product Distribution
q06	466	partial	country	Drugs for Neglected Diseases initiative	ch	541714	Research and Development in Biotechnology (except Nanobiotechnology)	Drugs for Neglected Diseases initiative is a Swiss nonprofit research organization engaged in the development of treatments for neglected diseases. The organization conducts drug discovery, translational research, clinical trials, and advocacy, and collaborates with international partners to advance the development of new treatments for conditions such as sleeping sickness, visceral leishmaniasis, Chagas disease, filariasis, paediatric HIV, cryptococcal meningitis, hepatitis C, dengue, and antimicrobial resistance. Its activities include the creation of new chemical entities and the management of clinical trials, with a focus on sustainability and equitable access to treatments for neglected patients.	Affordable Treatment Manufacturing; Hepatitis C Treatment Development; Open Innovation Research Services; Antimicrobial Resistance Research; Neglected Disease Drug Discovery; Pediatric HIV Treatment Development; Collaborative Research Project Management; Clinical Trial Management Services; Equitable Treatment Access Services; Translational Research Services; Neglected Disease Treatment Delivery; Dengue Treatment Development; Global Health Advocacy Services; Patient-Friendly Treatment Development; Drug Development Services
q06	467	relevant	country	Debiopharm	ch	325412	Pharmaceutical Preparation Manufacturing	Debiopharm International SA is a Swiss biopharmaceutical company engaged in drug development, manufacturing, and digital health investment. The company operates as a Life Science division within Après-demain SA, managing research and development, clinical testing, and the commercialization of prescription drugs for oncology and bacterial infections. Debiopharm also invests in digital health and smart data start-ups, and is involved in the development of antibody-drug conjugates, antibiotic-resistant infections, DNA-damage response inhibition, and radioligand therapy. The company is certified and collaborates with partners and organizations to support its operations.	DNA-Damage Response Inhibition Research; Prescription Drug Commercialization; Radioligand Therapy Research; Pharmaceutical Out-Licensing and Commercialization; Biopharmaceutical Research and Development; Antibody-Drug Conjugate Development; Drug Candidate Clinical Development; Antibiotic-Resistant Infection Treatment Research; Bacterial Infection Drug Development; Oncology Drug Development; Smart Data Platform Investment; Digital Health Investment; Drug Manufacturing; Patient Quality of Life Improvement Solutions
q06	468	relevant	country	CRISPR Therapeutics	ch	325414	Biological Product (except Diagnostic) Manufacturing	CRISPR Therapeutics AG is a Swiss-American biotechnology company engaged in gene editing technologies and gene-based medicines. The company develops therapies for a range of diseases, including hemoglobinopathies, immuno-oncology, autoimmune diseases, in vivo gene editing, and regenerative medicine. CRISPR Therapeutics operates globally, with offices in Switzerland, the United States, and the United Kingdom, and maintains a manufacturing facility in the United States. The company also engages in strategic partnerships to advance its research and development activities.	CRISPR/Cas9 Therapeutic Development; Allogeneic CAR T Cell Therapy Development; Patient Advocacy and Community Engagement Services; Gene-Based Medicine Development; Gene Editing Technology Development; Strategic Biotechnology Partnership Collaboration; Investigational Gene Therapy Commercialization; Hemoglobinopathy Gene Therapy Development; Regulatory-Approved Gene Therapy Commercialization; Regenerative Medicine Therapy Development; Immun-Oncology Gene Therapy Development; Autoimmune Disease Gene Therapy Development; In Vivo Gene Editing Therapy Development; Sustainability and Corporate Social Responsibility Services
q06	469	irrelevant	country	AliveDx	ch	325413	In-Vitro Diagnostic Substance Manufacturing	AliveDx Suisse SA is a Swiss biotechnology company engaged in in-vitro diagnostics. The company develops and supplies diagnostic products and platforms for clinical laboratories, including blood bank reagents and automated testing solutions. AliveDx serves healthcare providers in hospitals, laboratories, and clinics, and operates internationally with offices in the UK, US, UAE, and other regions. The company is certified for employee well-being and incorporates sustainability practices in its operations.	Diagnostic Product Customization Services; Laboratory Process Automation Solutions; Automated Microarray System Manufacturing; Clinical Workflow Optimization Solutions; Clinical Decision Support Solutions Development; Diagnostic Product Exporting; In-Vitro Diagnostics Solutions Development; Blood Bank Reagents Manufacturing; Patient Care Improvement Solutions; Multiplexing and Multimodality Testing Platform Development; Sustainable Diagnostics Product Development; Laboratory Workflow Efficiency Solutions; Laboratory Partnership Services; Clinical Diagnostics Consulting Services; Laboratory Diagnostic Product Distribution
q06	470	relevant	country	Helsinn	ch	325412	Pharmaceutical Preparation Manufacturing	Helsinn Healthcare SA is a Swiss pharmaceutical company engaged in the research, development, manufacturing, and commercialization of pharmaceuticals, medical devices, and nutritional supplements. The company operates in oncology, rare diseases, and supportive care, and manages a global portfolio of products approved in multiple countries. Helsinn also provides licensing services, including in-licensing, partnering, and business development, and maintains a pharmacovigilance system for adverse event monitoring. The company is certified for sustainability and ethical standards, and its operations are supported by a hybrid manufacturing approach and a global presence with offices in Ireland, the United States, and China.	Pharmaceutical Commercialization and Distribution; Pharmaceutical Research and Development; Pharmacovigilance Services; Pharmaceutical Manufacturing; Oncology Drug Development; Direct Pharmaceutical Sales; Supportive Care Product Development; Pharmaceutical Business Development Services; Pharmaceutical Licensing and Partnerships; Nutritional Supplement Manufacturing; Medical Device Manufacturing; Rare Disease Drug Development
q06	471	relevant	country	TRB Chemedica	ch	325412	Pharmaceutical Preparation Manufacturing	TRB CHEMEDICA INTERNATIONAL SA, DBA TRB Chemedica, is a Swiss pharmaceutical company engaged in the development, manufacturing, and distribution of hyaluronic acid-based medical devices, medical food supplements, and pharmaceutical products. The company operates a Swiss manufacturing facility and maintains subsidiaries and distributors in multiple countries across Asia, South America, Europe, and the United Kingdom. TRB Chemedica is ISO certified and is active in the pharmaceutical, biotechnology, and medical device sectors, with a focus on ophthalmology, rheumatology, and neurology.	Rheumatology Product Development and Manufacturing; Pharmaceutical Product Promotion Services; Pharmaceutical Licensing Services; Global Medical Device Distribution; Custom Pharmaceutical Solution Development; Ophthalmology Product Development and Manufacturing; Pharmaceutical Product Research and Development; Active Pharmaceutical Ingredient Manufacturing; Neurology Product Development and Manufacturing; Global Pharmaceutical Product Distribution; Medical Device Manufacturing; Biofermentative Medical Device Development; Medical Food Supplement Manufacturing; Scientific Collaboration Services
q06	472	relevant	country	Celonic	ch	325414	Biological Product (except Diagnostic) Manufacturing	Celonic AG is a Swiss biotechnology company engaged in the development and manufacturing of biologics, including monoclonal antibodies, bispecifics, and other complex molecules. The company provides services from cell line development to commercial manufacturing, and also offers fill and finish services through a third-party strategic alliance partner. Celonic operates globally, with offices in Switzerland and Germany, and is committed to sustainability and stewardship in its operations.	Micro-Bioreactor Platform Utilization Services; GMP-Compliant Biologics Manufacturing; Commercial Biologics Manufacturing; Biologics Contract Development and Manufacturing; Biosimilar Drug Development and Manufacturing; Perfusion Bioprocessing Technology Implementation; Process Intensification Technology Implementation; Complex Molecule Development and Manufacturing; Bispecific Molecule Development and Manufacturing; Fill and Finish Manufacturing Services; Next-Generation Bioprocessing Solutions; Cell Line Development Services; Monoclonal Antibody Development and Manufacturing
q06	473	relevant	country	ADC Therapeutics	ch	325412	Pharmaceutical Preparation Manufacturing	ADC Therapeutics SA is a Swiss biotechnology company engaged in the research, development, manufacturing, and commercialization of antibody drug conjugates (ADCs) for the treatment of hematological malignancies and solid tumors. The company operates globally, with offices in Switzerland, the UK, and the USA, and is involved in clinical development, manufacturing, and commercialization of ADC-based therapies. ADC Therapeutics also conducts research and development activities, including the advancement of next-generation ADCs and the development of combination therapies.	Antibody Drug Conjugate Commercialization; Oncology Drug Pipeline Advancement; Next-Generation ADC Research; Antibody Drug Conjugate Clinical Development; Antibody Drug Conjugate Manufacturing; Combination Therapy Development; Solid Tumor Treatment Development; Hematological Malignancy Treatment Development; Strategic Oncology Partnership Development; Antibody Drug Conjugate Research and Development
q06	474	relevant	country	Tillotts Pharma	ch	325412	Pharmaceutical Preparation Manufacturing	Tillotts Pharma AG is a Swiss pharmaceutical company engaged in the development, in/out-licensing, and marketing of pharmaceutical products for gastroenterology, with a focus on inflammatory bowel diseases. The company also operates as a contract manufacturer and conducts research and development in controlled release technologies. Tillotts Pharma serves global markets through affiliates and strategic partnerships, and is part of the Japanese Zeria Group.	Gastroenterology Education Services; GI Therapeutic Research and Development; Pharmaceutical Product Marketing and Distribution; Strategic Partnership Development; Pharmaceutical Research Collaboration; Affiliate Network Product Distribution; Specialty Pharmaceutical Development; Pharmaceutical Pharmacovigilance Services; Patient Care Improvement Services; Gastroenterology Drug In-Licensing; Medical Knowledge Advancement Services
q06	475	relevant	country	KD Pharma Group	ch	325412	Pharmaceutical Preparation Manufacturing	KD Pharma Group SA is a Swiss contract development and manufacturing organization engaged in pharmaceutical and nutraceutical solutions. The company provides services in custom synthesis, purification, separation, chemical synthesis, encapsulation, packaging, and the production of finished dosage forms for pharmaceutical, nutraceutical, and specialty chemical markets. KD Pharma Group also operates as a manufacturer of APIs for Omega-3 pharmaceuticals and nutraceuticals, and offers formulation and encapsulation services. The company is certified and is a member of the Deutsche Medizinal-Cannabis Gesellschaft.	Pharmaceutical and Nutraceutical CDMO Services; Pharmaceutical and Nutraceutical Catalysis Services; Lipid and Small Molecule Synthesis; Custom API Synthesis and Purification; Finished Dosage Form Packaging; Pharmaceutical and Nutraceutical Extraction Services; Cannabidiol and CBD Product Development; Nutraceutical Formulation and Encapsulation; Softgel and Liquid Dosage Form Manufacturing; Supercritical Fluid Chromatography Services; Omega-3 API and Nutraceutical Manufacturing; Plant and Algae Extract Processing; Sustainable Health Solution Development
q06	476	relevant	country	A. Menarini	ch	325412	Pharmaceutical Preparation Manufacturing	A. Menarini GmbH is a Swiss pharmaceutical company engaged in the development, manufacturing, and distribution of medicinal products for primary and specialty care, with a focus on cardiovascular diseases, pain management, infectiology, allergology, and urology. The company also operates in medical aesthetics and provides laboratory services. A. Menarini serves both general practitioners and specialists, and is part of a global network with a presence in 140 countries.	Pharmaceutical Quality Assurance Services; Specialty Care Pharmaceutical Distribution; Diabetology Pharmaceutical Distribution; Medical Aesthetic Product Distribution; Allergology Pharmaceutical Distribution; Pharmaceutical Research and Development; Urology Pharmaceutical Distribution; Pharmaceutical Product Sales; Gout and Arthritis Pharmaceutical Distribution; Primary Care Pharmaceutical Distribution; Pain Management Pharmaceutical Distribution; Infectiology Pharmaceutical Distribution; Pharmaceutical Product Manufacturing; Pharmaceutical Product Distribution; Cardiovascular Disease Pharmaceutical Distribution
q12	8	irrelevant	keyword	Dacia	ro	336110	Automobile and Light Duty Motor Vehicle Manufacturing	Renault Commercial Roumanie S.R.L., DBA Dacia, is a Romanian automotive company engaged in the production and distribution of passenger and commercial vehicles. The company operates as a manufacturer and distributor, offering a range of vehicles and providing services such as vehicle financing, trade-in options, and maintenance contracts. Dacia also offers electric and mild hybrid vehicles, participates in government programs for environmentally friendly vehicles, and maintains a network of authorized dealers and an online platform for vehicle sales. The company is part of the Renault Commercial Group and is associated with Renault.	Passenger Vehicle Manufacturing; Vehicle Accessories Retail; Mild Hybrid Vehicle Manufacturing; Vehicle Maintenance and Warranty Services; Vehicle Retail; Vehicle Distribution; Electric Vehicle Manufacturing; Vehicle Trade-In Services; Online Vehicle Retail; Vehicle Manufacturing; Commercial Vehicle Manufacturing; Vehicle Financing Services
q12	13	irrelevant	random	METRO România	ro	424410	General Line Grocery Merchant Wholesalers	METRO Cash & Carry Romania SRL, known as METRO România, is a Romanian wholesale company that operates in the hospitality, restaurant, and catering sector, as well as serving independent retailers. The company supplies food and non-food products, including fresh and frozen produce, meat, dairy, beverages, and professional equipment and furniture. METRO România also provides digital services for retail operations and manages a central logistics platform for distribution and supply chain management. The company is involved in sustainability initiatives and is certified as a Top Employer in Romania and Europe.	Beverage Distribution; Wholesale Food and Non-Food Products; Fresh and Frozen Produce Distribution; Hospitality and Catering Product Distribution; Product Return and BuyBack Services; Digital Retail Application Services; Proprietary Brand Product Development and Distribution; Independent Retailer Product Distribution; Professional Equipment and Furniture Distribution; Logistics and Supply Chain Management; Restaurant Management Software Services; Cash and Carry Retail; Meat and Dairy Product Distribution
q12	14	irrelevant	random	Transgaz	ro	221210	Natural Gas Distribution	The National Gas Transmission Company “TRANSGAZ” S.A. is a Romanian joint-stock company engaged in the technical operation and management of the national gas transmission system. The company is responsible for the transmission and dispatching of natural gas, as well as research and design activities related to natural gas infrastructure. It also undertakes complementary functions such as purchasing gas for technological use and balancing the national gas transmission system. Transgaz is involved in international gas pipeline projects and participates in research and development initiatives. The company is publicly traded on the Bucharest Stock Exchange and is certified for sustainability and environmental management.	Engineering Project Management Services; Gas Balancing and Risk Management; Gas Transmission Research and Design; Gas Dispatching Services; Gas Transmission Technology Innovation; IT Platform Development and Management; International Gas Cooperation and Cooperation; Gas Purchasing and Technological Consumption; Natural Gas Transmission Management; Renewable Energy Integration Services; Gas Pipeline Project Execution; Regulatory Compliance and Institutional Integrity Services; Gas Transmission Corridor Development; Environmental Management and Sustainability Services
q12	16	irrelevant	random	OSCAR	ro	424720	Petroleum and Petroleum Products Merchant Wholesalers (except Bulk Stations and Terminals)	OSCAR DOWNSTREAM S.R.L is a Romanian private company engaged in the distribution and trading of oil and gas products, including diesel, gasoline, bitumen, and lubricants. The company operates a nationwide network of gas stations, manages in-house fuelling stations, and provides fuel card solutions for fleet and business clients. OSCAR also offers en-gross fuel solutions and manages a logistics infrastructure supported by tankers and storage facilities. The company serves sectors such as transport, agriculture, construction, and industry, and is part of the Alfa Group.	Logistics and Storage Services; En-Gross Fuel Solutions; Sustainable Fuel Supply Solutions; Lubricants Distribution; Franchise Network Development; Gas Station Network Operation; In-House Fuelling Station Services; Industry-Specific Fuel Solutions; Fuel Card Management Services; Fuel Distribution and Wholesale; Personalized Fuel Consumption Optimization Services; New Fuel Type Introduction; Bitumen Distribution; Fleet Card Services
q12	17	irrelevant	random	Prutul	ro	311225	Fats and Oils Refining and Blending	S.C. PRUTUL S.A., DBA Prutul, is a Romanian joint-stock company engaged in vegetable oil production, agribusiness, and the distribution of agricultural inputs. The company operates an integrated business model encompassing oilseed processing, refining, bottling, and marketing of vegetable oils, as well as the distribution of grain and the provision of transport and storage services. Prutul also exports vegetable oils and related products, including sunflower meal, sunflower husk pellets, and fatty acids, and manages a vegetable oil terminal at the Galati Commercial Harbor. The company is certified by organizations such as ISO, IFS, FSSC, FDA, Kosher, and Halal, and is affiliated with FOSFA and GAFTA.	Vegetable Oil Bottling and Packaging; Rapeseed Oil Production and Refining; Sunflower Husk Pellet Production and Distribution; Vegetable Oil Production and Refining; Vegetable Oil Export and Distribution; Sunflower Meal Production and Distribution; High Oleic Sunflower Oil Production; Fatty Acid Production and Distribution; Soybean Oil Production and Refining; Sustainable Sourcing and Environmental Solutions; Grain Purchase and Storage Services; Frying Sunflower Oil Production; Sunflower Oil Production and Refining; Agricultural Input Distribution; Agricultural Transport Services
q12	31	irrelevant	keyword	Quanta Services	us	237130	Power and Communication Line and Related Structures Construction	Quanta Services, Inc. is an American corporation that provides infrastructure contracting and engineering services for the electric power, renewable energy, communications, pipeline, and industrial sectors. The company delivers integrated solutions in planning, design, installation, maintenance, and repair of energy and communications infrastructure, including transmission and distribution lines, substations, and utility systems. Its operations also encompass engineering, procurement, construction (EPC) services, program management, emergency restoration, and environmental pipeline and industrial project management. Quanta Services serves clients in the United States, Canada, Australia, and select international markets, and is publicly traded on the New York Stock Exchange.	Renewable Energy Project Development; Substation Construction and Maintenance; Heavy Lift and Aerial Work Services; Foundation and Subsurface Construction Services; Emergency Infrastructure Restoration Services; Battery Energy Storage System Installation; Communications Infrastructure Design and Installation; Fiber Optic Network Installation and Maintenance; Solar and Wind Power Engineering; Transmission and Distribution Line Construction; Aerial and Underground Infrastructure Construction; Energy Infrastructure Construction and Maintenance; Infrastructure Design and Engineering Services; Carbon Capture and Biofuel Plant Construction; Cell Tower Construction and Modification; Hydrogen Pipeline Installation and Maintenance
q12	46	irrelevant	random	Aircash	hr	522320	Financial Transactions Processing, Reserve, and Clearinghouse Activities	Aircash d.o.o. is a Croatian financial institution and software company that operates as an electronic money institution and payment provider. The company offers digital wallet and prepaid card services, as well as a marketplace for parking, transport, entertainment, utilities, and telecoms. Aircash also provides payment solutions for online accounts, bus and ferry tickets, parking, tolls, gift cards, and utility bills. The company is licensed by the Croatian National Bank and the Swiss Self-Regulatory Organization, and serves clients across multiple European countries.	Entertainment Ticketing Payment Services; Cross-Border Payment Services; Retail Partner Integration Services; Digital Wallet Services; Gift Card Purchase Services; Cash Voucher Distribution; Transport and Parking Payment Services; Multi-Channel Payment Solutions; Utility Bill Payment Services; Prepaid Card Issuance and Management; Multi-Marketplace Payment Solutions; Multi-Language Financial Services; Electronic Money Transfer Services; Instant Deposit and Withdrawal Services
q12	49	irrelevant	random	FGC Money Transfer	gb	522320	Financial Transactions Processing, Reserve, and Clearinghouse Activities	FGC Exchange Ltd, DBA FGC Money Transfer, is a British company specialized in foreign exchange and money remittance services. The company operates internationally, providing currency exchange, money transfer, and real-time transfer tracking to clients in over 22 countries, including Afghanistan, Bangladesh, Pakistan, India, and Indonesia. FGC Money Transfer serves individuals and businesses through airports, hotels, tourist cities, and street offices, and partners with banks and financial institutions to offer international money transfer solutions.	Real-Time Transfer Tracking Services; Street Office Money Transfer Services; Foreign Exchange Services; Money Remittance Services; Financial Institution Partnership Services; Hotel Money Transfer Services; International Money Transfer Services; Currency Exchange Services; Airport Money Transfer Services; Technology-Enabled Money Transfer Solutions; Multilingual Money Transfer Services; Multi-Channel Money Transfer Services
q12	54	irrelevant	random	New Payment Innovation	ie	522320	Financial Transactions Processing, Reserve, and Clearinghouse Activities	New Payment Innovation Limited is an Irish company that provides payment processing and merchant services, including card machine rentals, EPOS systems, and online payment gateways. The company also offers payment terminal solutions such as wired, wireless, and mobile options, as well as secure online payment systems and virtual payment terminals. In addition to its core payment processing and terminal services, New Payment Innovation develops proprietary technology platforms for automated boarding and transaction reporting. The company serves a broad range of sectors, including hospitality, retail, healthcare, and telecommunications, and is certified for payment security.	Online Payment Gateway Integration; Payment Solutions Distribution; Automated Payment Boarding Services; Payment Technology Consulting Services; Secure Payment Processing Services; Business Financial Training Services; Card Machine Rental Services; EPOS System Implementation Services; Partner Network Payment Solutions Services; Industry-Specific Payment Solutions Services; PCI DSS Compliance Consulting Services; Virtual Terminal Deployment Services; Transaction Reporting and Analytics Services; Mobile Payment Terminal Distribution
q12	59	irrelevant	random	Rantum Capital	de	522299	International, Secondary Market, and All Other Nondepository Credit Intermediation	Rantum Capital Management GmbH, DBA Rantum Capital, is a German private financial services company that provides debt and equity financing solutions for medium-sized companies. The company manages private debt and private equity funds, offering services such as private debt, second lien loans, acquisition finance, and mezzanine lending. Rantum Capital also operates as a financial consultant and advises institutional investors, including insurance companies, pension funds, foundations, and multi-family offices, on investment opportunities in sectors such as healthcare, pharmaceuticals, IT, chemicals, metals, electrical engineering, consumer goods, food and beverage, real estate, and construction. The company is registered with BaFin as an AIF-Kapitalverwaltungsgesellschaft and is based in Frankfurt, Germany, with a presence in the German-speaking region and the DACH area.	Direct Lending Services; Succession Financing Services; Pik Note Financing; Private Debt Fund Management; Mezzanine Capital Financing; Junior Loan Financing; Sponsorless Lending Services; Strategic Partnership Development Services; Institutional Investment Advisory Services; Private Equity Fund Management; Debt Financing Solutions; Second Lien Loan Financing; Acquisition Finance Structuring; Growth Strategy Support Services; Equity Investment Services; Subordinated Loan Financing
q12	73	irrelevant	random	quarksUp	fr	513210	Software Publishers	quarksUp is a French software company that develops and provides human resources management software as a service. The company offers a platform for centralized and automated HR processes, including recruitment, employee onboarding, mobility, training, payroll management, and e-learning. quarksUp serves organizations of various sizes and sectors, such as private companies, public organizations, and educational institutions, and is part of the Visma Group.	Employee Mobility Management Software Development; Employee Onboarding Software Development; HR Management Software Solutions; Absence Tracking Software Development; HR Compliance Management Software Development; HR Data Centralization Solutions; Talent Management Software Development; Annual Review Management Software Development; Payroll Management Software Development; Training and E-Learning Management Software Development; Recruitment Management Software Development; HR Process Automation Solutions; Offboarding Management Software Development; Benefits Administration Software Development
q12	103	irrelevant	random	Sesame HR	es	513210	Software Publishers	SESAME LABS, S.L., DBA Sesame HR, is a Spanish company specialized in providing human resources software solutions. The company offers a suite of HR management tools, including time tracking, absence and shift management, payroll management, and employee engagement platforms, serving businesses globally with a presence in the USA, Germany, Spain, France, the UK, Italy, the Netherlands, Portugal, and Brazil.	Internal Communication Software Development; HR Software Research and Development; Performance Management Software Development; Human Resources Software Solutions; Shift Management Software Development; Overtime Management Software Development; Document Management Software Development; Absence Management Software Development; Payroll Management Software Development; Time Tracking Software Development; Recruitment Management Software Development; Employee Survey Management Software Development; Remote Work Management Software Development; HR Software User Experience Enhancement
q12	113	irrelevant	random	Microtis	lu	513210	Software Publishers	Microtis S.A., DBA Microtis, is a Luxembourgish software company specialized in the design and implementation of human resources management software solutions. The company provides a suite of HR software products, including modules for employee management, recruitment, training, performance management, salary calculation, and time management, as well as a web-based collaborative solution for employee profile management. Microtis serves organizations across sectors such as industry, aeronautics, transport, service, and finance, with a focus on companies with more than 50 employees. In addition to software development, the company offers support services such as on-site installation, training, and maintenance contracts, and provides regular training courses and a 24/7 helpdesk.	On-Premise HR Software Deployment; HR Software Implementation Services; HR Data Centralization Solutions; Performance Management Software Development; Cloud-Based HR Software Deployment; Training Management Software Development; Modular HR Software Customization; Recruitment Management Software Development; Salary Calculation Software Development; Timesheet and Time Management Software Development; HR Management Software Design and Development; Employee Management Software Development; HR Software Training Services; HR Administrative Task Automation Solutions; HR Software Maintenance Services
q12	116	irrelevant	random	Simplismart	in	541511	Custom Computer Programming Services	Verute Technologies Private Limited, DBA Simplismart, is an Indian technology company specialized in machine learning model training and deployment solutions. The company provides services for optimizing and deploying machine learning models, including model fine-tuning, deployment, and monitoring, and offers a platform that supports both shared and private infrastructure, integrating with major cloud providers. Simplismart serves a range of industries, including financial services, adtech, commerce, data analysis, and healthcare, and is supported by a proprietary inference engine.	Cloud Infrastructure Integration Services; Machine Learning Model Monitoring Services; Machine Learning Model Fine-Tuning Services; GenAI Workload Optimization Services; ML Model Performance Optimization Services; Machine Learning Model Training Services; Scalable ML Solution Development; Inference Engine Deployment Services; Secure Data Processing Services; ML Workload Streamlining Services; ML Model Security Enhancement Services; Industry-Specific ML Solution Development; Machine Learning Model Deployment Services; Proprietary ML Framework Development
q12	121	irrelevant	random	Katana ML	lt	513210	Software Publishers	Katana ML is a Lithuanian company specialized in open-source Machine Learning Operations (MLOps) infrastructure, offering a cloud-based and on-premise platform for machine learning APIs and services. The company provides a platform for data processing and prediction service scaling, supporting developers and businesses globally. Its platform is built on Docker containers and Kubernetes.	ML Services Architecture Design; Machine Learning API Delivery; Docker Containerization Services for ML; Machine Learning Operations Platform Development; Machine Learning Project Consulting Services; ML Service Scaling Solutions; Pluggable ML Service Integration; Data Processing Services; Prediction Service Scaling Solutions; Production Environment ML Service Deployment; Kubernetes Deployment Services for ML
q12	127	irrelevant	random	Deepstributed	ch	513210	Software Publishers	Deepstributed Ltd. is a Swiss company engaged in providing machine learning experimentation platforms. The company offers a platform that enables users to run machine learning experiments without configuration, utilizing private, community, or cloud GPU resources. Deepstributed serves machine learning engineers, startups, and businesses seeking to enhance their machine learning capabilities, with a focus on distributed computing and GPU resource management.	ML Experiment Parameterization and Queuing; ML Platform Scalability Solutions; Cloud GPU Resource Access Services; Model Linking and Sharing Services; Community-Driven Platform Development; Distributed ML Experiment Execution; User Interface Design and Accessibility; GPU Resource Allocation and Sharing; Machine Learning Experimentation Platform Development; Community GPU Resource Access Services; ML Experiment Management and Tracking Services; Code and Data Linking Services
q12	142	irrelevant	random	Datavisum	br	541512	Computer Systems Design Services	Datavisum is a Brazilian company specialized in providing artificial intelligence (AI) and machine learning (ML) solutions for small and medium-sized enterprises (SMEs) in Brazil. The company offers consulting, training, and a cloud-based platform that supports real-time predictions and data extraction, enabling businesses to adopt AI and ML tools securely and efficiently. Datavisum serves clients across various industries in Brazil.	Machine Learning Model Development; AI and ML Solutions Development; Cloud-Based Predictive Analytics Platform Deployment; Virtual Agent Integration Services; AI and ML Solution Scalability Consulting; Operational Optimization Solutions Development; Data Extraction and Real-Time Prediction Solutions; AI and ML Training Services; Data Science Services; Business Process Modernization Consulting; AI and ML Consulting Services; Strategic Decision Support System Implementation; AI and ML Platform Monitoring and Maintenance; Customized AI Solution Development
q12	174	irrelevant	keyword+naics	Naust Marine	is	335999	All Other Miscellaneous Electrical Equipment and Component Manufacturing	Naust Marine ehf., DBA Naust Marine, is an Icelandic company specialized in marine engineering and the manufacturing and supply of components and systems for wind turbines and other marine applications. The company serves clients in the maritime sector, renewable energy, and industrial automation industries, providing energy-efficient solutions for marine and industrial use.	Wind Turbine System Supply; Marine Engineering Solutions; Marine Equipment Supply; Inverter Manufacturing; Renewable Energy Solutions; Industrial Automation Solutions; Tank Controller Manufacturing; Electrical Component Distribution; HMI and Display Unit Manufacturing; Wind Turbine Component Manufacturing; Heat Control System Manufacturing; Energy-Efficient System Solutions; Solar Power System Manufacturing; Marine Equipment Manufacturing; Battery Charger Manufacturing
q12	182	irrelevant	keyword	Texon	no	334413	Semiconductor and Related Device Manufacturing	Texon AS is a Norwegian public limited company engaged in solar energy solutions, including solar panels, wind turbines, and lithium-ion energy storage systems. The company serves a broad market encompassing agriculture, industrial construction, private residential, and energy storage sectors, providing tailored energy and energy storage solutions. Texon also collaborates with professional partners for installation and maintenance of its products.	Industrial Construction Energy Solutions; Lithium-Ion Energy Storage System Installation; Solar Panel Technology Integration; Residential Energy Solutions; Wind Power Solutions; Inverter System Integration; Solar Panel Installation; Agricultural Energy Solutions; Solar Energy Solutions; Underwater Installation and Certification Services; Energy System Maintenance Services; Customized Energy Solution Development; Energy Storage Solutions; Wind Turbine Installation
q12	188	irrelevant	keyword+naics	Sowin Power	no	335999	All Other Miscellaneous Electrical Equipment and Component Manufacturing	Sowin Power AS, DBA Sowin Power, is a Norwegian company specialized in the development and sale of power stations for the cabin and residential markets, focusing on clean energy solutions for individuals and households. The company combines solar panels, wind turbines, and used electric car batteries in its power stations, designed to be mounted outside houses and cottages. Sowin Power serves customers in Norway and Sweden.	Outdoor Power Station Mounting Solutions; Used Electric Car Battery Integration; Residential Energy Equipment Retail; Solar and Wind Energy Integration; Green Transition Energy Solutions; Clean Energy Power Station Retail; Inverter and Remote Monitoring System Integration; Battery Storage System Manufacturing; Clean Energy Power Station Development; Sustainable Energy Solution Development
q12	190	irrelevant	keyword	CIRKEL Energi	dk	334413	Semiconductor and Related Device Manufacturing	CIRKEL Energi ApS is a Danish private company engaged in the production, supply, and installation of green energy solutions, including solar panels, battery systems, and wind turbines. The company provides products and services for private individuals, housing associations, institutions, and businesses, with a focus on sustainable energy solutions. Its operations include the reselling and installation of wind turbines and energy storage systems, as well as installation and maintenance services. CIRKEL Energi primarily serves the Danish market and emphasizes sustainability and environmental responsibility in its activities.	Solar Panel Manufacturing and Installation; Wind Turbine Maintenance Services; Energy Storage System Maintenance Services; Sustainable Technology Solutions; Energy Independence Solutions; Wind Turbine Manufacturing and Installation; Green Energy Solutions Production and Supply; Energy Storage System Manufacturing and Installation; Renewable Energy Consulting Services
q12	194	irrelevant	naics	JN-Solar	fi	335999	All Other Miscellaneous Electrical Equipment and Component Manufacturing	JN-Solar is a Finnish company engaged in the import, manufacturing, and sale of renewable-energy-related products, including solar panels, solar water heaters, small wind turbines, and related accessories. The company also operates as a retailer and provides installation and design services for its products. JN-Solar serves private individuals, businesses, and community groups, with operations based in Säkylä, Finland, and additional offices in Turku and Salo.	Solar Panel and Water Heater Retail; Solar Panel Maintenance Services; Product Delivery Services; Solar Panel Installation Services; Technical Support Services; Solar Water Heater Installation Services; Renewable Energy Product Retail; Renewable Energy Accessory Retail; Small Wind Turbine Installation Services; Small Wind Turbine Retail; Renewable Energy System Design Services; Solar Water Heater Maintenance Services; Small Wind Turbine Maintenance Services
q12	198	irrelevant	keyword+naics	Sunnytek	se	335999	All Other Miscellaneous Electrical Equipment and Component Manufacturing	Sunnytek Solar Sweden AB, DBA Sunnytek, is a Swedish company specialized in solar, wind, and thermal energy technologies. The company provides products and solutions for energy storage, lighting, and security, serving both residential and commercial markets globally. Sunnytek also operates in the laser optronics sector and is registered with Grön Teknik for modern energy technology management. Its operations include offices in the Nordic region, Africa, South America, and Asia.	Solar Panel Manufacturing; Laser Optronics Manufacturing; Inverter Manufacturing; Energy Efficiency Solutions; Renewable Energy Solutions; LED Lighting Solutions; Home Security Laser Systems Manufacturing; Sustainable Energy Consulting Services; Solar Energy Solutions; Thermal Energy Solutions; Wind Energy Solutions; Mini Hydro Turbine Manufacturing; Distance Meter Manufacturing; Energy Storage Solutions; Battery Backup Systems Manufacturing
q12	203	irrelevant	naics	Rhino Power	fi	335999	All Other Miscellaneous Electrical Equipment and Component Manufacturing	Rhino Power Oy is a Finnish company engaged in the production and distribution of power generation equipment, with a focus on renewable energy solutions. The company primarily serves clients in the energy industry.	Power Generation Equipment Distribution; Renewable Energy Equipment Manufacturing; Renewable Energy Equipment Distribution; Power Generation Equipment Manufacturing
q12	204	irrelevant	naics	VASOL TECH	se	335999	All Other Miscellaneous Electrical Equipment and Component Manufacturing	VASOL TECH AB, DBA VASOL TECH, is a Swedish company specialized in providing solar power solutions for remote and crisis-affected regions, focusing on clean, self-sufficient energy systems for both personal and commercial use. The company operates in the renewable energy sector, offering products such as solar power generation units and energy storage systems, and serves markets globally.	Energy Storage System Manufacturing; Monocrystalline Solar Panel Manufacturing; Solar Power System Customization Services; Off-Grid Energy Solutions; Energy Storage System Maintenance Services; Renewable Energy Solutions; Renewable Energy System Training Services; Solar Power Generation Unit Manufacturing; Solar Power System Installation Services; Crisis Region Energy Solutions; Clean Energy System Distribution; Energy Storage System Customization Services; Sustainable Energy System Consulting; Solar Power System Maintenance Services
q12	206	irrelevant	keyword	Krefter	no	518210	Computing Infrastructure Providers, Data Processing, Web Hosting, and Related Services	Krefter AS, DBA Krefter, is a Norwegian company that develops and operates data centers, renewable energy solutions, and computer networking products. The company specializes in providing power-intensive solutions for industries such as data centers, battery factories, and hydrogen production, utilizing 100% renewable energy sources including hydropower and wind power. Krefter also engages in research and development focused on renewable energy technologies and invests profits from its operations in further development. Its primary markets are Asia and the United States, with operations primarily in Norway and other Scandinavian countries.	Streaming Services; Artificial Intelligence Services; Renewable Energy Solutions; Bio Technology Services; Data Center Development; Solar Power Energy Generation; Hydrogen Production; Hydropower Energy Generation; Cloud Computing Services; Self-Driving Car Services; Tidal Power Energy Generation; Wind Power Energy Generation; Battery Capacity Generation
q12	209	irrelevant	keyword+naics	Ecopwr	se	335999	All Other Miscellaneous Electrical Equipment and Component Manufacturing	Ecopwr is a Swedish company specialized in sustainable energy solutions, focusing on products such as solar panels, power stations, solar generators, golf vehicles, spare batteries, and golf carts designed for outdoor activities, emergencies, and daily energy needs. The company emphasizes environmentally friendly and energy-efficient products with solar charging capabilities and silent operation. Ecopwr serves customers in multiple languages, including English, Swedish, German, Norwegian, and Finnish.	Solar Panel and Generator Retail; Spare Battery Retail; Renewable Energy Solutions; Daily Power Equipment Retail; Golf Vehicle and Cart Retail; Multilingual Product Retail; Sustainable Product Retail; Silent Power Equipment Retail; Emergency Power Equipment Retail; Power Station Retail; Solar Charging Equipment Retail; Outdoor Power Equipment Retail; Energy-Efficient Product Retail
q12	228	irrelevant	random	Avery	us	322230	Stationery Product Manufacturing	Avery Products Corporation is an American manufacturing company engaged in the production and supply of self-adhesive labels, labeling software, binders, dividers, and other office supplies. The company serves businesses, individual consumers, and educational institutions, offering products such as blank and custom labels, cards, tags, and related organizational items. Avery also provides digital design tools and templates for its products. The company operates internationally and is part of CCL Industries Inc.	Label and Office Supply Manufacturing; Card and Tag Manufacturing; Label Software Development; Custom Label Design Services; Label and Office Supply Distribution; Binder and Divider Manufacturing; Sustainable Product Development; Community Support Services
q12	270	irrelevant	random	Wipro	in	541512	Computer Systems Design Services	Wipro Limited is an Indian multinational technology company engaged in information technology, consulting, and business process services. The company provides services in areas such as cloud computing, cybersecurity, data analytics, digital transformation, artificial intelligence, robotics, and engineering. Wipro serves clients across sectors including banking, financial services, telecommunications, media and information services, consumer goods, education, public sector, retail, travel, energy, manufacturing, aerospace, automotive, industrial manufacturing, natural resources, oil and gas, utilities, healthcare, life sciences, medical devices, technology products and services, and consumer electronics. The company operates globally, with a presence in major markets across the Americas, Asia Pacific, Africa, Europe, Middle East, and India.	Cloud Computing Solutions; Engineering Services; Game Engineering Services; AI-Powered Solutions Development; Sustainability Consulting Services; Cybersecurity Solutions; Technology Consulting Services; Platform Migration Services; Digital Transformation Solutions; Data Analytics Solutions; Localization Services; Digital Experience Design Services; Robotics Solutions Development; Business Process Outsourcing Services
q12	291	irrelevant	random	Utilify	us	541690	Other Scientific and Technical Consulting Services	UTILIFY S.R.L. is an American company engaged in energy consulting and digital auditing services, with a focus on energy efficiency and digital auditing solutions. The company provides digital auditing, back office digitalization, energy efficiency projects, carbon footprint monitoring, and energy management solutions for businesses across various industries. Utilify also develops intelligent IoT solutions that collect data from electricity meters to perform digital audits and monitor electricity bills, supporting energy optimization and cost reduction.	IoT-Based Energy Data Analysis; Energy Consulting Services; Personalized Energy Management Solutions; Sustainable Energy Solutions Consulting; Back Office Digitalization Services; Energy Cost Reduction Consulting; Operational Efficiency Improvement Consulting; Energy Efficiency Project Consulting; Smart Meter Data Integration Services; Digital Auditing Services; Energy Usage Pattern Analysis Services; Carbon Footprint Monitoring Services; Energy Savings Opportunity Identification Services; Digital Platform-Based Energy Management Solutions
q12	295	irrelevant	keyword	GT Solve	in	541330	Engineering Services	Global Tech Solve Pvt Ltd, known as GT Solve, is an Indian private company engaged in engineering, sourcing, and manufacturing solutions for global mobility programs. The company provides design, development, and supply of high-precision components and subassemblies for electric vehicles, software-defined vehicles, and industrial platforms, serving automotive original equipment manufacturers, software-defined vehicle manufacturers, and industrial platform developers. GT Solve operates internationally, with regional hubs in North America, Hong Kong, Vietnam, and China, and offers services such as automation, engineering alignment with production, and the integration of design, manufacturing, and delivery under a single platform. The company also operates as a manufacturing as a service provider, supporting clients with a scalable delivery model and a network of calibrated talent and supplier partners.	Electric Vehicle Component Manufacturing; Software-Defined Vehicle Component Manufacturing; Modular Mobility System Integration; Tooling Design and Development; Automotive Component Design and Development; Gig Engineering Services; Micro-Manufacturing Services; High-Precision Subassembly Manufacturing; Mobility Engineering Solutions Development; Sustainable Mobility Solutions Development; Industrial Platform Component Manufacturing; Manufacturing as a Service Solutions; Advanced Design Automation Services; Calibrated Talent Deployment Services
q12	300	irrelevant	random	Agir&Tude	fr	541330	Engineering Services	Agir&Tude is a French engineering consulting firm that provides technical engineering and product development services, including 3D modeling, technical validation, engineering consulting, new product design, analytical and numerical calculations, and technical audits. The company also offers process analysis and improvement, as well as support for sustainable design and eco-conception. Agir&Tude serves clients in sectors such as lifting, railway, research and development, aerospace tooling, building products, and hydraulic oil, and employs certified professionals in areas including surfacing, mold tools, sustainable design, welding, and sheet metal work.	Technical Validation and Audit Services; Analytical and Numerical Calculation Services; Development Process Analysis and Optimization Services; Product Performance Improvement Consulting; Research and Development Support Services; Eco-Design Integration Services; 3D Modeling and Visualization Services; Welding and Metal Fabrication Services; Engineering Consulting Services; Industry-Specific Product Development Services; Product Design and Development Services; Advanced Surfacing and Mold Tooling Services; Sustainable Product Design Consulting; Tailored Engineering Solutions Services
q12	310	irrelevant	keyword	WBS Mobility	pl	221122	Electric Power Distribution	WBS Mobility S.A., DBA WBS Mobility, is a Polish company engaged in the development and operation of a nationwide network of publicly accessible fast charging stations for electric vehicles. The company also provides infrastructure services for electric vehicle charging and is involved in the renewables and environment sector, including solar electric power generation. WBS Mobility serves both individual consumers and businesses seeking charging solutions in Poland.	Electric Mobility Sustainability Solutions; Solar Electric Power Generation Services; Public Fast Charging Station Management; Electric Vehicle Charging Infrastructure Operation; Electric Vehicle Charging Infrastructure Development
q12	316	irrelevant	random	Styri	no	541330	Engineering Services	Styri AS, DBA Styri, is a Norwegian company specialized in engineering consultancy services for the maritime and heavy-duty industries, with a focus on clean energy solutions. The company provides services in maritime product development, industrialization, mass production, supplier development, ship integration, and land-based product development for heavy industry. Styri also engages in business development, product development, and mass production related to fuel-cell and electrolyzer technologies, supporting the transition to a sustainable shipping and industrial sector.	Electrolyzer Technology Development; Heavy-Duty Product Development; Sustainable Energy Solution Consulting; Supplier Development Services; Maritime Product Industrialization; Maritime Product Mass Production; Heavy-Duty Product Mass Production; Maritime Ship Integration Services; Fuel Cell Technology Development; Engineering Consultancy Services; Maritime Product Development; Emissions Reduction Solution Development; Clean Energy Project Development; Public Funding Acquisition Services; Heavy-Duty Product Industrialization
q12	322	irrelevant	random	EnviPro	fi	541620	Environmental Consulting Services	EnviPro Oy, DBA EnviPro, is a Finnish company specialized in environmental consulting, environmental design, environmental monitoring, and environmental auditing services. The company primarily serves clients in Finland and operates as a service provider in the environmental sector. EnviPro is certified by Syke (Suomen ympäristökeskuksen) for environmental monitoring and environmental auditing, and its team holds certifications from Syke and RAP INFRA. The company also emphasizes environmental education and community engagement.	Sustainable Environmental Solutions; Geotechnical Consulting Services; Environmental Consulting and Design Services; Environmental Education Services; Environmental Microbiology Consulting; Environmental Monitoring and Auditing Services; Community Environmental Engagement Services
q12	328	irrelevant	keyword	NextGEN Energy	it	541330	Engineering Services	NextGEN Energy is an Italian company that provides energy storage solutions, including photovoltaic systems, power conversion systems, and battery energy storage systems. The company offers engineering, consulting, technical support, and maintenance services, as well as simulation, analysis, inspection, permitting, installation, and energy management optimization. NextGEN Energy also develops AI-powered tools for energy management and supplies scalable energy storage systems. Its operations serve companies, energy producers, and communities in Italy.	Energy Storage System Maintenance Services; Customized Energy Storage System Solutions; Battery Energy Storage System Manufacturing; Energy Storage System Simulation and Analysis; Energy Management Software Development; Energy Efficiency Solutions Consulting; Power Plant Technical Support Services; Sustainable Energy Solutions Development; Renewable Energy Solutions Consulting; Energy Storage System Inspection and Permitting; Photovoltaic System Engineering and Installation; Power Conversion System Integration; Energy Storage Solutions Engineering and Installation; Energy Storage System Consulting Services
q12	330	relevant	keyword	E-Lyte	de	325998	All Other Miscellaneous Chemical Product and Preparation Manufacturing	E-Lyte Innovations GmbH, DBA E-Lyte, is a German chemical manufacturer and research company specializing in the development, production, and testing of electrolyte solutions for energy storage technologies. The company provides services including electrolyte development, analytical testing, benchmarking studies, compatibility testing, and electrochemical evaluation of new electrolyte components. E-Lyte serves a global market, focusing on lithium-ion, sodium-ion, and next-generation battery systems, as well as supercapacitors. Its operations include chemical manufacturing, cell testing, and postmortem analysis, and the company is involved in research projects related to energy storage technologies. E-Lyte's products are distributed across the European Union and are manufactured in Germany.	Sodium-Ion Battery Electrolyte Manufacturing; Lithium-Ion Battery Electrolyte Manufacturing; High-Temperature Electrolyte Manufacturing; Energy Storage Electrolyte Customization; Electrolyte Compatibility Testing and Benchmarking; Low-Temperature Electrolyte Manufacturing; Silicon-Based Anode Cell System Development; Electrolyte Solutions Development and Manufacturing; Electrochemical Electrolyte Evaluation Services; High-Voltage Cathode Material Development; Lithium-Sulfur Battery Electrolyte Manufacturing; Supercapacitor Electrolyte Manufacturing; Primary Lithium Battery Electrolyte Manufacturing; Lithium-Iron-Phosphate Cell Electrolyte Manufacturing; Lithium-Titanate Cell Electrolyte Manufacturing
q12	331	relevant	keyword+naics	Wanbang New Energy	cn	335910	Battery Manufacturing	Sichuan Wanbang Shenghui New Energy Technology Co., Ltd. (四川万邦胜辉新能源科技有限公司), DBA Wanbang New Energy (万邦新能源), is a Chinese manufacturing company specialized in the research, development, and production of energy new materials, with a focus on solid-state batteries and related materials. The company serves primarily the Chinese market, providing products and services to clients in the energy and new materials sectors. In addition to manufacturing, it operates research and production facilities and engages in technology transfer through partnerships with educational institutions and industrial enterprises.	Cathode Material Manufacturing; Electrolyte Material Manufacturing; Energy Materials Technology Transfer Services; Solid-State Battery Technology Consulting; Energy Materials Innovation Services; Energy Materials Research and Development; Solid-State Battery Component Manufacturing; Sustainable Energy Material Solutions; Solid-State Lithium Battery Manufacturing; Anode Material Manufacturing
q12	332	relevant	keyword+naics	Solid Power	us	335910	Battery Manufacturing	Solid Power Inc., DBA Solid Power, is an American company specialized in the development of all-solid-state battery technology. The company provides battery cell technology to partners and sells sulfide solid electrolytes to companies seeking to transition to solid-state batteries. Solid Power operates pilot production and EV Cell manufacturing lines in Colorado, as well as facilities for electrolyte manufacturing, cell testing, and research and development. The company serves automakers and is publicly traded.	Battery Cell Testing and Research; Battery Materials Innovation; Battery Energy Density Enhancement Solutions; All-Solid-State Battery Technology Development; Renewable-Energy Mobility Solutions Development; EV Cell Manufacturing; Battery Cell Manufacturing; Lithium Metal EV Cell Manufacturing; Automotive-Scale Battery Cell Production; Battery Cell Technology Licensing; Sulfide Solid Electrolyte Manufacturing; Sulfide Solid Electrolyte Sales; Conversion Reaction Cell Manufacturing; Battery Safety Enhancement Solutions; Battery Cost Reduction Solutions
q12	333	partial	keyword+naics	NexTech Batteries	us	335910	Battery Manufacturing	NexTech Batteries, Inc. is an American private company engaged in the development and commercialization of lithium-sulfur battery technology. The company operates in the electrical and electronic manufacturing sector, focusing on lithium-sulfur batteries and energy storage solutions for applications in vehicle electrification, consumer electronics, and renewable energy storage. NexTech Batteries also conducts research and development in solid-state electrolyte formulations, coated separators, active materials, cathode systems, and battery management systems. The company is certified for sustainable manufacturing practices and emphasizes the use of recyclable materials and carbon-neutral processes.	Coated Separator Development; Consumer Electronics Battery Solutions; Lithium-Sulfur Battery Development; Battery Management System Development; Pouch Cell Fabrication; Lithium-Sulfur Battery Manufacturing; Battery Material Recycling Solutions; Renewable Energy Storage Solutions; Patented Battery Technology Licensing; Active Material and Cathode System Development; Sustainable Battery Manufacturing; Vehicle Electrification Battery Solutions; Energy Storage Solutions; Solid-State Electrolyte Formulation Development
q12	334	relevant	keyword+naics	Blue New Energy Technology	cn	335999	All Other Miscellaneous Electrical Equipment and Component Manufacturing	Blue New Energy Technology (Zhejiang) Co., Ltd. (蓝廷新能源科技（浙江）有限公司), DBA Blue New Energy Technology (蓝廷新能源科技), is a Chinese manufacturing company specialized in the production of lithium-ion battery key materials, including composite separator films and solid electrolytes. The company also manufactures active functional materials and water-based adhesive agents, with proprietary formulations developed in-house. Blue New Energy Technology serves the lithium-ion battery industry and operates as a platform for the industrialization of its research outcomes, collaborating with academic and industrial partners.	Solid-Liquid Mixed Battery Separator Coating; Lithium-Ion Battery Material Manufacturing; Customized Lithium-Ion Battery Solution Development; Water-Based Adhesive Agent Manufacturing; Active Functional Material Manufacturing; Composite Separator Film Manufacturing; Lithium-Ion Battery Material Industrialization; Solid Electrolyte Manufacturing; Lithium-Ion Battery Separator Coating; Lithium-Ion Battery Technology Research and Development
q12	335	relevant	keyword+naics	GuTai Battery Technology	cn	335999	All Other Miscellaneous Electrical Equipment and Component Manufacturing	ShenZhen Shenzhen Special Economic Zone GuTai Battery Technology Co., Ltd. (深圳深汕特别合作区固泰电池技术有限公司), DBA GuTai Battery Technology (固泰电池技术), is a Chinese company specialized in the research, development, and industrialization of solid-state battery key materials, with a focus on solid-state electrolytes for lithium-ion and sodium batteries. The company also develops related technologies such as Li-rich lithium manganate preparation and high-voltage nickel-manganese binary material preparation. It operates a comprehensive new material research and experimental facility in Shenzhen, China, and primarily serves the national market.	Advanced Battery Material Technology Development; Battery Safety Testing Services; Solid-State Electrolyte Manufacturing; Solid-State Battery Material Industrialization; Battery Technology Commercialization; Li-Rich Lithium Manganate Material Development; Sodium Battery Solid-State Electrolyte Manufacturing; Battery Manufacturing and Testing; Lithium-Ion Battery Solid-State Electrolyte Manufacturing; High-Voltage Nickel-Manganese Binary Material Development; Battery Component Testing and Validation; Solid-State Battery Material Research and Development
q12	336	relevant	keyword+naics	SolidEdge Solution	tw	335910	Battery Manufacturing	Xinyang Technology Co., Ltd. (芯量科技股份有限公司), known as SolidEdge Solution, is a Taiwanese company engaged in the development and manufacturing of solid-state lithium battery materials and components. The company operates as both a manufacturer and developer, providing in-house production of cathodes, anodes, and electrolytes, as well as integrated solutions that include material development and cell integration technologies. SolidEdge Solution serves the automotive and energy sectors, with a focus on lightweight, flexible, and high-energy density battery technologies, and collaborates with industry and academic partners to advance battery materials and technologies.	Silicon Carbon Cathode Manufacturing; Battery Material Research and Development; High Voltage Cathode Manufacturing; Sustainable Battery Material Innovation; Solid Electrolyte Film Manufacturing; Solid-State Lithium Battery Manufacturing; Industry-Academia Collaboration Services; Custom Battery Module Development; Battery Component Manufacturing; Electric Vehicle Battery Technology Development; Energy Sector Battery Solutions Development
q12	337	relevant	keyword+naics	Poly Energy	hk	335910	Battery Manufacturing	Poly Energy is a Hong Kong company specialized in the development and commercialization of energy storage solutions, with a focus on all-solid-state batteries and polymer-based solid-state electrolytes. The company serves markets including consumer electronics, automotive batteries, drones, electric vehicles, aerospace, and other sectors. Its operations include the production of polymer electrolytes, composite LFP cathodes, and lithium metal anodes, with a technology roadmap aimed at addressing the limitations of lithium-ion batteries.	Consumer Electronics Battery Solutions; Battery Technology Patent Licensing; Lithium Metal Anode Manufacturing; Energy Storage Solutions Development; Polymer-Based Solid-State Electrolyte Engineering; Aerospace Battery Solutions; Energy Storage Technology Commercialization; Wet-chemistry Process Development for Battery Materials; Automotive Battery Solutions; Composite LFP Cathode Manufacturing; Polymer Electrolyte Manufacturing; Drone Battery Solutions; All-Solid-State Battery Manufacturing; Solid-State Battery Materials Research and Development
q12	338	partial	keyword+naics	RJETech	cn	335910	Battery Manufacturing	Guangzhou Youngy Energy Technology Co., Ltd, DBA RJETech, is a Chinese manufacturer specialized in energy storage products. The company operates as a vertically integrated manufacturer, with activities in lithium mining, production of cathode and anode materials, battery cells, modules, and DC blocks. RJETech also develops self-developed battery management systems and provides expertise in electric vehicle batteries and anode materials.	Battery Cell and Module Manufacturing; Cathode Material Manufacturing; Electric Vehicle Battery Manufacturing; DC Block Manufacturing; Lithium Mining; Battery Management System Development; Energy Storage Product Manufacturing; Anode Material Manufacturing
q12	339	relevant	keyword+naics	Sili Energy	kr	335910	Battery Manufacturing	Sili Energy Co., Ltd. (주식회사 시리에너지) is a South Korean company engaged in the development and manufacturing of secondary battery cathode materials, including silicon and lithium-based cathode materials, and solid-state battery materials. The company operates as both a manufacturer and service provider in the energy and battery technology industry, with a focus on the automotive sector, particularly electric vehicles. Sili Energy also provides material evaluation and technical consulting services, and is involved in lithium recycling and cost reduction initiatives. The company maintains a dedicated R&D campus and laboratory.	Silicon Cathode Material Manufacturing; Battery Technology Consulting Services; Battery Material Research and Development; Battery Capacity Enhancement Solutions; Battery Material Evaluation Services; EV Charging Speed Improvement Solutions; Energy Efficiency Enhancement Solutions; Sustainable Lithium Recycling Services; Electric Vehicle Battery Solutions; Solid-State Battery Material Manufacturing; Lithium Cathode Material Manufacturing
q12	340	relevant	keyword+naics	Hisun	us	325180	Other Basic Inorganic Chemical Manufacturing	Hisun New Energy Materials Ltd. Co., DBA Hisun, is a United States company specialized in new energy battery materials, including electrolytes for lithium and sodium ion batteries, silicon carbon anode materials, raw materials, special additives, sodium-ion battery electrolytes, and solid electrolytes. The company serves a range of industries such as digital, power, energy storage, emergency start, unmanned aerial vehicle, model aircraft, electronic cigarette, and electric tool sectors. Hisun also operates as a manufacturer and distributor of materials for new energy applications, and maintains a technology innovation platform to support its research and development activities.	Lithium Ion Battery Electrolyte Manufacturing; Silicon Carbon Anode Material Manufacturing; New Energy Battery Materials Research and Development; Battery Raw Material Manufacturing; Battery Materials Manufacturing; Battery Materials Sales and Distribution; Battery Material Exporting; Battery Additive Manufacturing; Sodium Ion Battery Electrolyte Manufacturing; Battery Material Quality Rework Services; Solid Electrolyte Manufacturing; Customized Battery Material Solutions; Electrolyte Manufacturing
q12	341	relevant	keyword+naics	Rongbai Lithium Battery	cn	325180	Other Basic Inorganic Chemical Manufacturing	Ningbo Rongbai New Energy Technology Co., Ltd., DBA Rongbai Lithium Battery (容百锂电), is a Chinese technology company specialized in the research, development, production, and sales of lithium battery cathode materials. The company serves both domestic and international battery manufacturers and operates as a multinational group with subsidiaries in China, Hubei, Guizhou, and Korea. It is also engaged in scientific research and maintains a provincial-level research center and postdoctoral workstation.	Lithium Battery Cathode Materials Sales and Distribution; Lithium Battery Cathode Materials Manufacturing; Lithium Battery Cathode Material Application Consulting; Lithium Battery Cathode Material Supply Chain Optimization Consulting; Custom Lithium Battery Cathode Material Formulation; Power-Oriented Cathode Material Development; Lithium Battery Cathode Material Cost Optimization Consulting; Lithium Battery Cathode Material Quality Assurance Services; Lithium Battery Cathode Material Technical Consulting; Lithium Battery Cathode Material Exporting; Lithium Battery Cathode Material Innovation Services; Lithium Battery Cathode Materials Research and Development; High-Energy Density Cathode Material Development
q12	342	relevant	keyword+naics	RUSTOR	ru	325180	Other Basic Inorganic Chemical Manufacturing	RUSTOR LLC (ООО «РУСТОР») is a Russian company engaged in the development and production of cathode materials based on complex oxides of lithium, nickel, manganese, and cobalt for lithium-ion battery applications. The company also conducts research and development in the lithium-ion battery industry and serves as both a manufacturer and supplier of cathode materials to the lithium-ion battery manufacturing sector, primarily targeting clients in the energy storage market.	Lithium-Ion Battery Cathode Material Manufacturing; Custom Lithium-Ion Battery Cathode Material Development; Lithium-Ion Battery Cathode Material Sales and Distribution; Lithium-Ion Battery Cathode Material Research and Development
q12	343	relevant	keyword+naics	FeovaEnergy	sg	325180	Other Basic Inorganic Chemical Manufacturing	FeovaEnergy is a Singaporean company specialized in lithium battery materials, with a focus on cathode and anode production technology, lithium carbonate, and lithium hydroxide. The company serves a global market, providing products such as cathode and anode materials, electrolyte solvents, and basic lithium salts, and offers technical consulting services for lithium-ion and sodium-ion battery applications. FeovaEnergy is also involved in sustainability and environmental protection initiatives within the new energy battery industry.	Cathode Materials Manufacturing; New Energy Industry Technical Consulting Services; Lithium-Ion Battery Solutions Development; Lithium Battery Materials Manufacturing; Lithium Salt Manufacturing; Battery Materials Technical Consulting Services; Sodium-Ion Battery Solutions Development; Anode Materials Manufacturing; Sustainable Energy Solutions Development; Electrolyte Solvents Manufacturing; Battery Materials Global Distribution
q12	344	relevant	keyword+naics	Li Hongte	cn	325180	Other Basic Inorganic Chemical Manufacturing	Li Hongte New Energy Materials Co., Ltd. (陕西力宏特新能源材料有限公司), DBA Li Hongte (力宏特), is a Chinese company specialized in the research, development, production, and sales of lithium-ion battery cathode materials, with a focus on lithium iron phosphate (LFP) and ternary materials. The company primarily serves the energy storage and electric vehicle industries, supplying lithium iron phosphate cathode materials for battery manufacturing. It also operates a research institute and technical department dedicated to developing new technologies, processes, and materials, and maintains a quality control system for process data tracking and early warning systems for battery batches.	Lithium Iron Phosphate Cathode Material Manufacturing; Battery Material Technology Innovation Services; Energy Storage Battery Material Solutions; Lithium-Ion Battery Cathode Material Research and Development; Ternary Cathode Material Manufacturing; Battery Material Quality Control Services; Lithium-Ion Battery Cathode Material Sales and Distribution; Electric Vehicle Battery Material Solutions; Lithium-Ion Battery Cathode Material Manufacturing
q12	345	relevant	keyword+naics	Altmin	in	325180	Other Basic Inorganic Chemical Manufacturing	Altmin Private Limited is an Indian private company engaged in the development and manufacturing of battery materials and cell engineering for the lithium-ion battery and electric vehicle sectors. The company produces cathode and anode materials, including LFP, LMFP, and LTO chemistries, and operates a cathode gigafactory in Telangana. Altmin also manages partnerships with mines in South America to support its supply chain and provides chemical manufacturing services.	Eco-Friendly Battery Material Development; Battery Materials Manufacturing; Lithium-Ion Battery Chemistry Development; LTO Cathode Material Manufacturing; Battery Cell Engineering; EV Industry Supply Chain Solutions; Sustainable Battery Technology Solutions; Mining and Metals Supply Chain Solutions; LMFP Cathode Material Manufacturing; Anode Material Manufacturing; LFP Cathode Material Manufacturing; Battery Materials Supply Chain Solutions; Carbon Emission Reduction Solutions
q12	346	relevant	keyword+naics	Dongdao New Energy	cn	325180	Other Basic Inorganic Chemical Manufacturing	Guangdong Dongdao New Energy Co., Ltd. (广东东岛新能源股份有限公司) is a Chinese company engaged in the research, development, production, and sales of lithium-ion battery anode materials and electrolytes, with a focus on spherical and natural graphite anode materials. The company also operates as a manufacturer of artificial and natural graphite for electric vehicles, plug-in hybrid electric vehicles, energy storage systems, and 3C batteries. Dongdao New Energy is certified in environmental management, quality management, occupational health and safety management, and automotive quality management, and collaborates with research institutions to advance its technology. The company serves clients in the lithium battery industry and related sectors globally.	Lithium-Ion Battery Anode Material Manufacturing; Battery Material Technology Innovation and Patent Development; Electric Vehicle Battery Material Supply; Lithium-Ion Battery Electrolyte Manufacturing; Lithium-Ion Battery Material Research and Development; Battery Material Standards Development and Leadership; Automotive Battery Material Supply; Lithium-Ion Battery Material Sales and Distribution; Natural Graphite Anode Material Manufacturing; 3C Battery Material Supply; Energy Storage System Material Supply; Collaborative Battery Technology Research Services; Spherical Graphite Anode Material Manufacturing
q12	347	partial	keyword+naics	RJETech	cn	335910	Battery Manufacturing	Guangzhou Rongjie Energy Technology Co., Ltd., DBA RJETech, is a Chinese company specialized in the research and development, production, and sales of battery cells and systems for energy storage and electric vehicles. The company manufactures lithium battery and energy storage equipment, as well as lithium battery cathode materials, and also engages in lithium battery recycling and reuse. RJETech serves a range of markets, including generation-side, grid-side, consumption-side, residential, and electric vehicle sectors, and is part of a larger group with operations spanning lithium battery manufacturing, energy storage solutions, and related resource-materials-product-application-recycling activities.	Lithium Battery Equipment Manufacturing; Energy Storage Solution Manufacturing; Electric Vehicle Battery Manufacturing; Battery Cell Manufacturing; Battery System Manufacturing; Lithium Battery Recycling; Lithium Battery Cathode Material Production; Battery Pack Manufacturing
q12	348	relevant	keyword+naics	East Saint先行	cn	335910	Battery Manufacturing	East Saint先行 (亿博电竞东圣先行) is a Chinese high-tech enterprise engaged in the research, development, production, sales, and service of lithium-ion battery cathode materials, electric vehicle battery packs, and energy storage battery packs. The company focuses on lithium-ion battery cathode materials such as cobalt lithium, ternary materials, and lithium iron phosphate. It operates a research institute affiliated with Peking University's College of Chemistry and maintains international offices in Shenzhen and Beijing. East Saint先行 is certified as a Beijing High-Tech Enterprise and designated as a Beijing New Material Center for Phosphoric Iron Lithium.	Electric Vehicle Battery Pack Manufacturing; Energy Storage Battery Pack Manufacturing; Lithium-Ion Battery Cathode Material Research and Development; Energy Storage Battery Pack Sales and Distribution; Nickel-Cobalt-Manganese Ternary Material Manufacturing; Cobalt Lithium Material Manufacturing; Lithium-Ion Battery Cathode Material Sales and Distribution; Electric Vehicle Battery Pack Sales and Distribution; Lithium Iron Phosphate Material Manufacturing; Lithium-Ion Battery Cathode Material Manufacturing
q12	349	relevant	keyword+naics	Yide New Energy	cn	325180	Other Basic Inorganic Chemical Manufacturing	Hunan Yide New Energy Technology Co., Ltd. (湖南亿德新能源科技有限公司), DBA Yide New Energy (亿德新能源), is a Chinese technology company specialized in the research and production of lithium-ion battery anode materials. The company serves the automotive, energy storage, and consumer electronics sectors, supplying products for electric vehicles, energy storage, and 3C digital products. Its operations include manufacturing and development of anode materials and battery technologies.	Lithium-Ion Battery Anode Material Manufacturing; Lithium-Ion Battery Anode Material Research; Lithium-Ion Battery Anode Material Application
q12	350	relevant	keyword+naics	POLYENTECH	cn	325180	Other Basic Inorganic Chemical Manufacturing	GUANGDONG POLYENTECH CO., LTD, DBA POLYENTECH, is a Chinese company specialized in the research, development, production, and sales of new battery materials and solid-state batteries. The company serves markets including new energy vehicles, aerospace, intelligent electronic devices, and energy storage systems, and manufactures solid-state electrolytes for lithium and sodium batteries, Li-rich Mn-based cathode materials, and solid-state energy storage systems. POLYENTECH also develops technologies for home energy storage, engineering vehicle battery packs, high-speed motorcycle battery packs, power station backup battery packs, wall-mounted home energy storage, marine battery packs, and fully electric energy storage systems.	Battery Technology Consulting Services; Solid-State Electrolyte Manufacturing; Marine Battery Pack Manufacturing; Battery Materials Sales and Distribution; Lithium-Rich Mn-Based Cathode Manufacturing; Battery Materials Research and Development; Home Energy Storage System Manufacturing; Power Station Backup Battery Pack Manufacturing; High-Speed Motorcycle Battery Pack Manufacturing; Fully Electric Energy Storage System Manufacturing; Solid-State Battery Manufacturing; Solid-State Battery Technology Development; Engineering Vehicle Battery Pack Manufacturing; Solid-State Energy Storage System Manufacturing
q12	351	relevant	keyword+naics	BTR New Material Group	cn	325180	Other Basic Inorganic Chemical Manufacturing	BTR New Material Group Co., Ltd., DBA BTR New Material Group, is a Chinese manufacturer specialized in the production and sales of cathode and anode materials for lithium-ion batteries. The company operates as a high-tech enterprise that integrates research and development, manufacturing, and sales, and is affiliated with China Baoan Group Co., Ltd. BTR New Material Group serves global markets and is a leader in the lithium-ion battery anode materials industry, with a focus on silicon-based anodes and large-scale production of high nickel cathode material NCA in China.	Lithium-Ion Anode Material Manufacturing; Lithium-Ion Battery Material Research and Development; Lithium-Ion Battery Material Manufacturing; Lithium-Ion Battery Material Sales and Distribution; Green Energy Material Solutions; High Nickel Cathode Material Manufacturing; Silicon-Based Anode Material Development; Lithium-Ion Cathode Material Manufacturing
q12	352	relevant	keyword+naics	Zhejiang Shengmei Lithium Battery Materials	cn	325180	Other Basic Inorganic Chemical Manufacturing	Zhejiang Shengmei Lithium Battery Materials Co., Ltd., DBA Zhejiang Shengmei Lithium Battery Materials, is a Chinese manufacturing company specialized in the production of Lithium Bis(fluorosulfonyl)imide, an electrolyte additive for lithium-ion batteries. The company operates a large-scale production facility and utilizes multiple patented technologies in its manufacturing processes. Its products are used in the lithium-ion battery industry.	Sustainable Lithium Battery Material Development; Lithium Battery Material Distribution; Patented Lithium Battery Technology Application; Lithium Battery Material Research and Development; Lithium Battery Materials Manufacturing; Lithium-Ion Battery Electrolyte Additive Production; Lithium Bis(fluorosulfonyl)imide Manufacturing; Lithium Battery Material Quality Assurance Services
q12	353	relevant	keyword+naics	Hunan Yueneng New Energy Battery Material Co., Ltd.	cn	325180	Other Basic Inorganic Chemical Manufacturing	Hunan Yueneng New Energy Battery Material Co., Ltd. (湖南裕能新能源电池材料股份有限公司), DBA Hunan Yueneng New Energy Battery Material Co., Ltd., is a Chinese company specialized in the research, production, and sales of lithium-ion battery cathode materials, with a primary focus on lithium iron phosphate (LFP) and ternary materials. The company supplies its products to the automotive and energy storage sectors, serving battery manufacturers. It also operates a research and development institute and technical department dedicated to developing new technologies, processes, and materials.	Lithium-Ion Battery Cathode Material Research and Development; Ternary Cathode Material Manufacturing; New Energy Vehicle Battery Material Supply; Energy Storage Battery Material Supply; Lithium-Ion Battery Cathode Material Sales and Distribution; LFP Cathode Material Manufacturing; Lithium-Ion Battery Cathode Material Manufacturing
q12	354	relevant	keyword+naics	Nanjing Blue Solid New Energy	cn	325180	Other Basic Inorganic Chemical Manufacturing	Nanjing Blue Solid New Energy Co., Ltd. (蓝固（常州）新能源有限公司), DBA Nanjing Blue Solid New Energy (蓝固新能源), is a Chinese company specialized in the production and wholesale supply of solid-state electrolytes, hybrid solid-liquid electrolytes, lithium-ion battery electrolytes, sodium-ion battery electrolytes, and customized electrolytes for various battery types. The company serves the energy storage and power generation sectors, supplying products to a broad market through its subsidiaries in Jiangsu, Zibo, and Huzhou. Nanjing Blue Solid New Energy is certified to national safety standards and collaborates with professional fire rescue teams to enhance workplace safety.	Solid-State Electrolyte Manufacturing; Sodium-Ion Battery Electrolyte Manufacturing; Lithium-Ion Battery Electrolyte Manufacturing; 3C Battery Electrolyte Supply; Battery Electrolyte Wholesale; Battery Electrolyte Manufacturing; Power Battery Electrolyte Supply; Hybrid Solid-Liquid Electrolyte Manufacturing; Energy Storage Electrolyte Supply; Customized Battery Electrolyte Development; Battery Electrolyte Quality Assurance Services; Battery Electrolyte Safety Compliance Services
q12	355	partial	keyword+naics	Charge CCCV	us	335910	Battery Manufacturing	Charge CCCV, also known as C4V, is an American intellectual property company engaged in lithium-ion battery composition and manufacture, with a focus on next-generation battery technologies. The company develops cobalt and nickel-free cathode chemistries and solid-state and semi-solid-state battery technologies, serving applications in electric mobility, aviation, grid storage, and space exploration. Charge CCCV emphasizes sustainability and environmentally friendly materials and processes in its operations.	Space Exploration Battery Solutions; Battery Material Supply Chain Management; Aviation Battery Solutions; Sustainable Battery Process Development; Battery Commercialization Services; Electric Mobility Battery Solutions; Cathode Chemistry Innovation and Manufacturing; Electrolyte Modification and Optimization; Environmentally Friendly Battery Material Development; Semi-Solid-State Battery Technology Development; Grid Storage Battery Solutions; Solid-State Battery Technology Development; Lithium-Ion Battery Technology Development
q12	356	partial	keyword+naics	Nuvvon	us	335910	Battery Manufacturing	Nuvvon Inc. is an American company engaged in the development, scale-up, and commercialization of solid-state lithium metal batteries. The company focuses on solid polymer electrolyte technology, which is designed to be flame-resistant, flexible, and suitable for roll-to-roll production and integration with standard Li-ion equipment. Nuvvon serves the energy storage sector, providing battery solutions for business clients.	Battery Cell Commercialization; Solid-State Lithium Metal Battery Development; Flame-Resistant Battery Technology Development; Polymer Electrolyte Technology Development; Energy Storage Solutions Development; Flexible Battery Manufacturing; Solid-State Battery Materials Research; Roll-to-Roll Battery Production; Temperature-Independent Battery Technology Development; High-Energy-Density Battery Solutions; Solid-State Lithium Metal Battery Manufacturing; Polymer Electrolyte Technology Scaling; Low-Cost Battery Material Development
q12	357	partial	keyword+naics	QuantumScape	us	335910	Battery Manufacturing	QuantumScape Battery, Inc. is an American electronics manufacturer and technology company engaged in the development and production of solid-state lithium-metal batteries for electric vehicles and energy storage applications. The company specializes in solid ceramic electrolyte separators and anode-less cell designs, and collaborates with automotive partners to support the commercialization of its battery technology. QuantumScape also conducts research and development in materials science and engineering, and is publicly traded on the Nasdaq exchange.	Battery Energy Density Enhancement Solutions; Greenhouse Gas Emission Reduction Solutions; Anode-Less Battery Cell Design and Manufacturing; Solid-Ceramic Electrolyte Separator Development; Battery Charging Speed Optimization Solutions; Advanced Battery Technology Research and Development; Solid-State Lithium-Metal Battery Manufacturing; Energy Storage System Solutions; Sustainable Energy Storage Solutions; Electric Vehicle Battery Solutions; Battery Safety Enhancement Solutions; Automotive Partnership Development; Electrified Transportation Technology Development
q12	358	relevant	keyword+naics	Taibang New Energy	cn	335910	Battery Manufacturing	Chongqing Taibang New Energy Co., Ltd. (重庆太蓝新能源有限公司) is a Chinese company engaged in the research, development, and industrialization of new solid-state lithium batteries and key lithium battery materials. The company serves the automotive, commercial vehicle, and energy storage sectors, targeting business clients. It operates multiple production and research facilities across China, including facilities in Beijing, Shunyi, Chongqing, and Anhui.	Lithium Battery Materials Research and Development; Solid-State Lithium Battery Development; Lithium Battery Manufacturing; Automotive Battery Solutions; Lithium Battery Research and Development; Semi-Solid Lithium Battery Manufacturing; Energy Storage Battery Solutions; Solid-State Lithium Battery Manufacturing; Commercial Vehicle Battery Solutions; Semi-Solid Lithium Battery Development; Lithium Battery Technology Innovation
q12	359	relevant	keyword+naics	CIDEcell	es	335910	Battery Manufacturing	CIDEcell is a Spanish manufacturer specialized in the production of customized electrodes and cells for lithium-ion batteries, solid-state batteries, sodium-ion batteries, lithium-sulphur batteries, and ultracapacitors. The company serves industries such as aerospace, medical devices, renewable energy, defense, electric vehicles, marine, and related sectors. CIDEcell also operates as a provider of material manufacturing, OEM manufacturing, and battery manufacturing services, and maintains research and development laboratories for materials and characterization. The company emphasizes sustainability through the use of environmentally conscious materials and processes.	Battery Material Research and Development; Water-Based Battery Process Development; Battery Component Assembly and Integration; High Nickel Cathode Material Development; Lithium-Sulphur Battery Manufacturing; Silicon Anode Material Development; Customized Battery Electrode Manufacturing; Ultracapacitor Manufacturing; Battery Performance Testing and Characterization; Battery Electrode and Cell Manufacturing; Solid-State Battery Manufacturing; Advanced Lithium-Ion Battery Manufacturing; Customized Battery Cell Manufacturing; Sodium-Ion Battery Manufacturing; Sustainable Battery Solutions Development
q12	360	relevant	keyword+naics	BASF Shanshan Battery Materials	cn	325180	Other Basic Inorganic Chemical Manufacturing	BASF Shanshan Battery Materials Co., Ltd, DBA BASF Shanshan Battery Materials, is a Chinese private company operating in the chemicals sector, specializing in the research, development, production, and sales of lithium battery cathode materials. The company serves global markets and operates a research institute focused on product development, experimental verification, analysis, and testing. It also manages two wholly-owned subsidiaries.	Lithium Battery Cathode Materials Sales and Distribution; Battery Material Product Testing and Analysis; Lithium Battery Cathode Materials Manufacturing; Sustainable Battery Material Innovation Services; Lithium Battery Cathode Materials Research and Development
q12	361	relevant	keyword+naics	Kunlun New Materials	cn	325180	Other Basic Inorganic Chemical Manufacturing	Xianghe Kunlun New Energy Materials Co., Ltd. (香河昆仑新能源材料股份有限公司), known as Kunlun New Materials (昆仑新材), is a Chinese company engaged in the development and production of power-type lithium-ion battery electrolytes. The company operates as a technology enterprise with a focus on solid-state battery technology and serves both domestic and international markets, supplying products for electric vehicles, environmental protection vehicles, and deep-sea submarines. Kunlun New Materials is certified in environmental management, quality assurance, and occupational health and safety management systems, and holds IATF16949 certification.	Smart Manufacturing Implementation for Batteries; Deep-Sea Submarine Electrolyte Solutions; Environmental Management Services for Battery Production; Lithium-Ion Battery Electrolyte Manufacturing; International Battery Material Distribution; Battery Material Exporting; Patented Battery Technology Solutions; Solid-State Battery Electrolyte Development; Occupational Health and Safety Management Services for Battery Manufacturing; Quality Assurance Services for Battery Materials; Environmental Protection Vehicle Electrolyte Solutions; Custom Battery Material Solutions Development; Battery Material Research and Innovation; Electric Vehicle Electrolyte Solutions
q12	362	relevant	keyword+naics	Sepion Technologies	us	335999	All Other Miscellaneous Electrical Equipment and Component Manufacturing	Sepion Technologies, Inc. is a United States company engaged in materials solutions for the electrify-everything revolution, with a focus on lithium-ion and lithium-metal battery separators. The company operates in the research and product development sector, utilizing nanoscience, polymer chemistry, and machine-learning-driven materials discovery to design and produce coated separator technology for electric vehicle and energy storage applications. Sepion Technologies collaborates with automakers, cell manufacturers, and component manufacturers to improve battery performance and energy density.	Prototype Battery Cell Production; Lithium-Metal Battery Separator Manufacturing; Cell Manufacturer Partnership Services; Lithium-Ion Battery Separator Manufacturing; Machine-Learning Materials Discovery Services; Coated Separator Technology Development; Component Manufacturer Partnership Services; Battery Separator Solutions Development; Electric Vehicle Battery Component Solutions; Automotive Battery Component Collaboration; Polymer Chemistry Application in Separators; Nanoscience-Based Separator Design; Sustainable Energy Materials Innovation
q12	363	relevant	keyword+naics	Mitra Chem	us	335910	Battery Manufacturing	Mitra Chem Incorporated is an American private company engaged in the development and manufacturing of lithium-ion battery materials, with a focus on iron-based cathode materials. The company operates in the semiconductor and renewable energy sectors, providing battery materials for electric vehicles, energy storage, and related applications. Mitra Chem utilizes proprietary machine learning technology to support research and development and manufacturing processes, and its products are used by original equipment manufacturers and battery cell suppliers. The company is also involved in joint development partnerships and has received funding from the US Department of Energy.	Battery Materials Commercialization Services; Iron-Based Cathode Materials Manufacturing; Lithium Iron Phosphate Plus Cathode Manufacturing; Battery Materials Joint Development Partnerships; Energy Storage Battery Materials Solutions; Battery Materials Research and Development; Battery Materials Sampling Services; Lithium Iron Phosphate Cathode Manufacturing; Electric Vehicle Battery Materials Solutions; Battery Materials Industrialization Services; Lithium-Ion Battery Materials Manufacturing; Machine Learning-Driven Battery Materials Development; Renewable Energy Semiconductor Manufacturing
q12	364	relevant	keyword+naics	Shenzhen Atsm Energy	cn	325180	Other Basic Inorganic Chemical Manufacturing	Shenzhen Atsm Energy Co., Ltd., DBA Shenzhen Atsm Energy, is a Chinese company specialized in the research, development, production, and sales of lithium battery materials, lithium-ion battery equipment, and graphene materials. The company serves a global market, focusing on the energy and automotive sectors, and provides products and services including battery materials, equipment, and testing solutions.	Battery Production Line Manufacturing; Sodium Battery Anode Materials Manufacturing; Battery Testing Solutions; Laboratory and Pilot Line Equipment Manufacturing; Battery Equipment Global Distribution; Battery Testing Equipment Global Distribution; Battery Precursor Powders Manufacturing; Battery Electrolyte and Solid Electrolyte Production; Lithium Battery Materials Manufacturing; Battery Coating and Slitting Materials Manufacturing; Lithium Battery Anode Materials Manufacturing; Battery Auxiliary Materials Manufacturing; Battery Equipment Manufacturing; Graphene Materials Manufacturing; Battery Materials Global Distribution; Battery Testing Equipment Manufacturing
q12	365	partial	keyword+naics	Fengyang Pengen	cn	335910	Battery Manufacturing	Fengyang Pengen Technology Co., Ltd. (阜阳朋能科技有限公司), DBA Fengyang Pengen (阜阳朋能), is a Chinese technology company specialized in the research, development, production, and sales of lithium-ion batteries and battery cells, including cathode materials, electrolytes, and battery packs. The company also provides battery leasing services and operates as a vertically integrated manufacturer covering the entire lithium-ion battery manufacturing chain from raw materials to battery packs. Fengyang Pengen serves sectors such as automotive, construction machinery, energy storage, and two-wheeler industries, and operates a new energy industry research institute, a new material development laboratory, and a material testing center. The company has developed proprietary lithium iron phosphate and ternary battery technologies, and has established subsidiaries in China and the United States.	Battery Electrolyte Development; Battery Management System Development; Lithium-Ion Battery Research and Development; Lithium-Ion Battery Leasing Services; Battery Material Testing Services; Automotive Battery Solutions; Lithium-Ion Battery Manufacturing; Ultra-Low Temperature Battery Technology Development; Battery Material Precursor Synthesis; Construction Machinery Battery Solutions; Lithium-Ion Battery Sales and Distribution; Functional Electrolyte Manufacturing; Battery Pack Manufacturing; Customized Battery Pack Design; New Energy Industry Consulting Services; Battery Cathode Material Manufacturing
q12	366	partial	keyword+naics	Rusaccum	ru	335910	Battery Manufacturing	Rusaccum LLC (ООО «РУСАККУМ»), DBA Rusaccum (Русаккум), is a Russian limited liability company specialized in the development of solid-state batteries, with a focus on lithium-ion batteries and solid-state lithium sources. The company operates in the scientific-technical sector, developing technologies to enhance lithium-ion battery efficiency, producing materials for lithium-ion batteries, and designing and supplying lithium-ion battery cells and batteries for specific applications. Rusaccum also conducts expert evaluations of materials and batteries using electrochemical testing and collaborates with scientific and educational institutions to address scientific and technological challenges in the green energy sector, hybrid and electric vehicles, and energy storage applications. The company serves both European and Russian markets.	Lithium-Ion Battery Cell Manufacturing; Scientific and Technological Research Collaboration; Electrochemical Battery Testing Services; Solid-State Lithium Source Production; Electric and Hybrid Vehicle Battery Solutions; Green Energy Sector Solutions; Electrochemical Material Testing Services; Lithium-Ion Battery Development; Energy Storage Application Solutions; Lithium-Ion Battery Material Production; Solid-State Battery Development; Custom Battery Manufacturing
q12	367	relevant	keyword+naics	Nascent Materials	us	335910	Battery Manufacturing	Nascent Materials Inc. is an American company engaged in the development and manufacturing of cathode materials for lithium-ion batteries, with a focus on lithium iron phosphate (LFP) and lithium manganese iron phosphate (LMFP) chemistries. The company operates as a manufacturer and technology provider, offering proprietary manufacturing processes that reduce production costs and waste, and are compatible with U.S. feedstocks and recycling inputs. Nascent Materials serves a global market, with a particular emphasis on the U.S. lithium-ion battery industry and markets such as electric vehicles, grid storage, industrial applications, AI data centers, defense, and aviation.	AI Data Center Battery Material Supply; Electric Vehicle Battery Material Supply; Cathode Material Manufacturing; Lithium-Ion Battery Cathode Manufacturing; Industrial Battery Material Supply; Lithium-Manganese-Iron-Phosphate Cathode Manufacturing; Lithium-Iron-Phosphate Cathode Manufacturing; Battery Industry Supply Chain Solutions; Proprietary Cathode Manufacturing Technology Development; Lithium-Ion Battery Cathode Development; Continuous Flow Cathode Production; Thermo-Fusion Synthesis Technology Development; Sustainable Energy Storage Solutions; Grid Storage Battery Material Supply; Zero-Waste Cathode Manufacturing
q12	368	relevant	keyword+naics	Anda Technology	cn	335910	Battery Manufacturing	Guiyang Anda Technology Energy Co., Ltd. (贵阳安达科技能源有限公司) is a Chinese company engaged in the research, development, production, and sales of phosphate iron lithium batteries, with a focus on lithium-ion battery cathode materials, phosphate iron, and phosphate iron lithium batteries. The company serves the automotive battery power, energy storage, and lead-acid replacement markets, providing battery cell products and battery systems for applications such as electric passenger cars, electric forklifts, electric sightseeing vehicles, and low-speed electric vehicles. Anda Technology is ISO certified and operates a production facility in Guiyang, China.	Battery Cell Sales and Distribution; Battery Technology Research and Development; Automotive Battery Power Solutions; Electric Sightseeing Vehicle Battery Solutions; Battery Cell Manufacturing; Battery Grade Phosphate Iron Manufacturing; Electric Forklift Battery Solutions; Lead-Acid Replacement Battery Solutions; Battery Grade Phosphate Iron Lithium Manufacturing; Battery System Manufacturing; Battery System Sales and Distribution; Low-Speed Electric Vehicle Battery Solutions; Electric Vehicle Battery Solutions; Energy Storage Solutions; Lithium-Ion Battery Cathode Material Manufacturing
q12	369	relevant	keyword+naics	Hengchuang	cn	325180	Other Basic Inorganic Chemical Manufacturing	Jiangsu Hengchuang Nano Technology Co., Ltd. (江苏珩创纳米科技有限公司), DBA Hengchuang (現创), is a Chinese technology company specialized in the research, development, production, and sales of lithium battery cathode materials, with a focus on lithium iron phosphate manganese (LMFP) as a replacement for iron in lithium iron phosphate (LFP) to improve voltage and energy density. The company primarily serves the automotive and transportation sectors, including new energy vehicles, electric bicycles, and consumer electronics, targeting major battery manufacturers in these industries. Hengchuang has a global presence with patent protection in Europe, the United States, Japan, and South Korea.	Lithium Battery Cathode Material Sales and Distribution; LMFP Cathode Material Sales and Distribution; Lithium Battery Technology Patent Layout Services; Lithium Battery Cathode Material Research and Development; Automotive Battery Cathode Material Solutions; LMFP Cathode Material Manufacturing; Consumer Electronics Battery Cathode Material Solutions; LMFP Cathode Material Development; Electric Bicycle Battery Cathode Material Solutions; Lithium Battery Cathode Material Manufacturing
q12	370	relevant	keyword+naics	Shanshan Technology	fi	325180	Other Basic Inorganic Chemical Manufacturing	Shanshan New Material (Finland) Oy, known as Shanshan Technology, is a Finnish company engaged in the manufacturing and supply of lithium battery anode materials. The company operates a European production base in Vaasa, Finland, serving the European market with a focus on sustainable and eco-friendly production practices. Its operations include research and development activities related to lithium battery anode materials.	Sustainable Battery Materials Production; Lithium Battery Anode Materials Research and Development; Lithium Battery Anode Materials Manufacturing; Eco-Friendly Battery Materials Manufacturing; Lithium Battery Anode Materials Distribution
q12	371	relevant	keyword	Shan Shan Technology	cn	325998	All Other Miscellaneous Chemical Product and Preparation Manufacturing	Shan Shan Technology Co., Ltd. (上海杉杉科技有限公司), DBA Shan Shan Technology (杉杉科技), is a Chinese technology company specialized in the research, production, and sales of lithium-ion battery anode materials. The company operates as a manufacturer and supplier in the lithium-ion battery anode materials industry, serving global markets with applications in tool, power, and digital lithium-ion batteries. Shan Shan Technology also engages in research and development of new materials and technologies, and holds certifications such as National Enterprise Technology Center, National Manufacturing Single Champion, and CNAS national-level laboratory certification.	Proprietary Materials Technology Development; Lithium-Ion Battery Anode Materials Research and Development; Lithium-Ion Battery Materials Innovation Services; Digital Battery Anode Materials Solutions; Natural Graphite Manufacturing; Lithium-Ion Battery Materials Quality Assurance Services; Sustainable Materials Development; Power and Tool Battery Anode Materials Solutions; Lithium-Ion Battery Anode Materials Global Distribution; Artificial Graphite Manufacturing; Lithium-Ion Battery Anode Materials Manufacturing; New Materials Development; Silicon-Based Anode Materials Manufacturing
q12	372	relevant	keyword+naics	Hunan TianTai TianRun New Energy Technology	cn	325180	Other Basic Inorganic Chemical Manufacturing	Hunan TianTai TianRun New Energy Technology Co., Ltd. (湖南天泰天润新能源科技有限公司), DBA Hunan TianTai TianRun New Energy Technology (湖南天泰天润新能源科技), is a Chinese company specialized in the production of lithium-ion battery cathode material precursors, particularly lithium iron phosphate (LFP), and the recycling and reuse of retired lithium-ion batteries. The company operates as a manufacturer and recycler of lithium-ion battery materials, serving both domestic and international markets. It is ISO certified and holds national high-tech enterprise certification. Hunan TianTai TianRun New Energy Technology also engages in research and development activities related to lithium-ion battery materials and collaborates with domestic research institutes and universities.	Lithium-Ion Battery Cathode Material Production; Lithium-Ion Battery Production; Lithium-Ion Battery Reuse; Lithium-Ion Battery Recycling
q12	373	relevant	keyword+naics	Indonesia BTR New Energy Material	id	335910	Battery Manufacturing	PT Indonesia BTR New Energy Material, DBA Indonesia BTR New Energy Material, is an Indonesian private company operating in the mechanical and industrial engineering sector, specializing in the development, production, and sales of lithium-ion batteries and nano carbon materials such as anode and cathode. The company is engaged in manufacturing activities.	Nano Carbon Cathode Manufacturing; Lithium-Ion Battery Sales; Advanced Energy Material Development; Lithium-Ion Battery Manufacturing; Nano Carbon Anode Manufacturing
q12	374	partial	keyword+naics	Greenbatt Technology	ch	335910	Battery Manufacturing	Greenbatt Technology Holding AG is a Swiss company engaged in battery technology, with a focus on lithium-ion and solid-state batteries. The company develops and manufactures battery cells using technologies such as Thick Layer Technology and composite cathodes, and supplies battery solutions for industries including electric vehicles, renewable energy storage, and consumer electronics. Greenbatt Technology also emphasizes sustainability by promoting the recycling and reuse of materials and contributing to the energy transition.	Battery Technology Research and Development; Thick Layer Battery Cell Manufacturing; Lithium-Ion Battery Manufacturing; Solid-State Battery Manufacturing; Consumer Electronics Battery Supply; Renewable Energy Storage Battery Supply; Electric Vehicle Battery Supply; Composite Cathode Manufacturing; Sustainable Energy Transition Solutions; Battery Cell Recycling and Material Reuse Solutions; Sodium Battery Manufacturing; Battery Cell Automation Solutions
q12	375	relevant	keyword+naics	You Shan Technology	cn	325180	Other Basic Inorganic Chemical Manufacturing	You Shan New Materials Technology Co., Ltd. (浙江友山新材料科技有限公司), known as You Shan Technology (友山科技), is a Chinese company engaged in the research, development, production, and sales of lithium-ion battery materials, with a focus on phosphate iron lithium and related cathode materials for new energy vehicles, public and household energy storage, and other lithium-ion battery applications. The company operates as a manufacturer and distributor within the lithium-ion battery materials industry, and maintains a comprehensive product lifecycle service system. It also collaborates with upstream and downstream industry partners to support its supply chain and has established phosphate iron lithium production bases in Inner Mongolia, Guangxi, and Yunnan, with plans for international expansion.	Lithium-Ion Battery Material Research and Development; Lithium-Ion Battery Material Manufacturing; Lithium-Manganese-Iron-Phosphate Cathode Manufacturing; Industry Collaboration Solutions; Lithium-Iron-Phosphate Cathode Manufacturing; International Lithium-Ion Material Distribution; Phosphate Iron Lithium Cathode Manufacturing; Lithium-Ion Material Lifecycle Services; Lithium-Ion Battery Material Sales and Distribution; New Energy Vehicle Battery Material Supply; Energy Storage System Material Supply
q12	376	irrelevant	keyword+naics	ReFire_ev	in	335910	Battery Manufacturing	ReFire_ev is an Indian company operating in the oil and energy sector, specializing in the development and supply of electric vehicle charging infrastructure and lithium ion battery technology. The company also provides electrical vehicle chargers and EV lithium ion batteries along with their accessories.	Electric Vehicle Charging Infrastructure Supply; EV Battery Accessory Distribution; EV Lithium Ion Battery Distribution; EV Battery Accessory Manufacturing; EV Lithium Ion Battery Manufacturing; Electric Vehicle Charging Infrastructure Development
q12	377	relevant	keyword+naics	Stratus Materials	us	325180	Other Basic Inorganic Chemical Manufacturing	Stratus Materials Inc. is a U.S. company engaged in the development and manufacturing of manganese-rich, cobalt-free cathode active materials for lithium-ion batteries. The company focuses on proprietary formulations and production processes to address stability challenges in lithium manganese-rich cathode chemistries, with applications in light- to medium-duty electric vehicles, energy storage, and related battery technologies. Stratus Materials also provides materials solutions for battery manufacturers and original equipment manufacturers, supporting the sustainable development of electric vehicle batteries.	Cobalt-Free Cathode Material Engineering; Battery Material Cost Reduction Solutions; Sustainable Battery Material Solutions; Lithium-Ion Battery Performance Enhancement Solutions; Battery Material Safety Enhancement Solutions; Lithium-Ion Cathode Material Development; Advanced Cathode Material Commercialization; Energy Storage Material Solutions; Manganese-Rich Cathode Material Formulation; Battery Material Supply Chain Development; Electric Vehicle Battery Material Solutions; Lithium-Ion Cathode Material Manufacturing
q12	378	partial	keyword+naics	Zakuro	us	335910	Battery Manufacturing	Zakuro, Inc., DBA Zakuro, is an American company engaged in the development and manufacturing of solid-state lithium batteries, with a focus on technologies that utilize lithium metal anodes. The company operates within the semiconductor industry, with activities in hardware and renewable energy semiconductor manufacturing, and serves sectors such as energy storage, automotive, and consumer electronics. Zakuro also develops battery technologies that aim to improve energy density and safety compared to traditional lithium-ion batteries.	Lithium Metal Anode Technology Development; Energy Storage Solutions Development; Battery Technology Innovation Services; Solid-State Lithium Battery Development; Automotive Battery Solutions Development; Lithium-Ion Battery Manufacturing; Solid-State Lithium Battery Manufacturing; Renewable Energy Semiconductor Manufacturing; Consumer Electronics Battery Solutions Development
q12	379	relevant	keyword+naics	Xinliyuan	cn	335910	Battery Manufacturing	Jiangsu Xinliyuan Technology Co., Ltd. (江苏新锂元科技有限公司), DBA Xinliyuan (新锂元), is a Chinese technology company specialized in the research, development, and production of solid-state lithium batteries, salt lake lithium extraction, and comprehensive recycling of lithium battery materials. The company primarily serves the lithium battery and new energy industries, focusing on solid-state electrolyte materials and lithium battery raw materials. Xinliyuan operates multiple research centers in Beijing and Henan and has completed over 470 project research results, serving clients across multiple provinces and cities nationwide.	New Energy Industry Solutions; Lithium Battery Material Consulting Services; Sustainable Lithium Battery Material Development; Lithium Battery Material Distribution; Lithium Battery Material Project Research Services; Lithium Battery Industry Solutions; Lithium Battery Material Supply Chain Solutions; Solid-State Lithium Battery Manufacturing; Lithium Battery Raw Material Processing; Salt Lake Lithium Extraction Services; Lithium Battery Material Recycling Services; Lithium Battery Material Application Services; Solid-State Lithium Battery Material Innovation; Solid-State Lithium Battery Research and Development
q12	392	irrelevant	random	Conserverie Fourmi	fr	311421	Fruit and Vegetable Canning	Conserverie Fourmi is a French company operating as a micro-conserverie and food production business, specializing in the low-tech canning and preservation of seasonal fruits, vegetables, legumes, and mushrooms using renewable energy pasteurization. The company serves local producers, particularly organic and short-circuit producers, as well as private individuals and public entities such as associations and collectivities. In addition to its core production activities, Conserverie Fourmi provides initiation workshops in home canning, including theoretical and practical training and food safety education. The company emphasizes sustainable and circular practices, with a focus on local and organic food production and preservation.	Local Producer Food Product Distribution; Seasonal Produce Canning Production; Wood-Based Pasteurization Food Processing; Home Canning Theory and Practice Training; Vegetable-Based Food Preservation Manufacturing; Solar Pasteurization Food Processing; Food Safety Education Services; Sustainable Food Production Consulting; Home Canning Workshop Services; Organic Food Product Manufacturing; Community Food Preservation Education Services; Circular Economy Food Production Consulting
q12	408	irrelevant	keyword	Effecta Energy Solutions	se	333414	Heating Equipment (except Warm Air Furnaces) Manufacturing	Effecta Energy Solutions AB is a Swedish company that operates in the renewable energy and heating sectors. The company provides solar energy solutions, including solar panels, battery storage, and heating systems, as well as integrated heating solutions for residential, commercial, agricultural, and industrial clients. Its activities include the manufacturing, installation, and servicing of renewable energy and heating equipment, such as biomass boilers, pellet stoves, and related products. Effecta Energy Solutions also offers project planning and installation services, and supplies a range of heating and biomass equipment to private individuals, businesses, municipalities, and construction projects across Sweden.	Pellet Boiler and Heater Manufacturing; Integrated Heating Solution Development; Biomass Heating Equipment Manufacturing; Pellet Boiler and Heater Installation; Solar Thermal Panel Installation; Battery Storage System Installation; Solar Energy System Installation; Solar Thermal Panel Manufacturing; Renewable Energy Project Planning Services; Customized Heating System Design; Solar Energy System Manufacturing; Battery Storage System Manufacturing; Heating System Maintenance and Servicing; Renewable Energy System Installation Services; Biomass Heating Equipment Installation
q12	412	irrelevant	random	Envision Energy Denmark	dk	333611	Turbine and Turbine Generator Set Units Manufacturing	Envision Energy Denmark is a Danish company specialized in the development and testing of wind turbines, smart energy technology services, wind energy management software, and smart wind turbines. The company operates as a global innovation centre for wind turbine systems, serving international markets and collaborating with partners and suppliers to deliver business solutions in the renewables and environment sector.	Wind Turbine Component Engineering; Offshore Wind Technology Innovation; Energy Sector Innovation Research; Environmental Impact Assessment Services; International Renewable Energy Collaboration; Renewable Energy Solutions Consulting; Wind Energy Asset Management Services; Wind Turbine Development and Testing; Wind Energy Management Software Development; Smart Wind Turbine Design and Manufacturing
q12	420	irrelevant	naics	Alotta	no	335999	All Other Miscellaneous Electrical Equipment and Component Manufacturing	Alotta AS, DBA Alotta, is a Norwegian company specialized in renewable energy solutions, with a focus on floating photovoltaic systems and hardware for renewable energy. The company provides planning, installation, and maintenance services for renewable energy systems, including floating solar power solutions that integrate with existing energy sources. Alotta also engages in renewable energy semiconductor manufacturing and operates within the semiconductors sector. Its services are designed for industries and communities reliant on fossil fuel generators, particularly in remote or off-grid locations.	Floating Solar Power System Manufacturing; Sustainable Energy Consulting Services; Renewable Energy System Maintenance Services; Floating Solar Power System Installation; Off-Grid Energy Solutions Development; Renewable Energy Hardware Manufacturing; Turn-Key Renewable Energy Deployment Services; Renewable Energy System Planning Services; Renewable Energy System Installation Services; Floating Solar Power System Maintenance; Emissions Reduction Solutions Development; Scalable Renewable Energy Solutions Development; Renewable Energy Solutions Development; Renewable Energy Semiconductor Manufacturing
q12	421	irrelevant	keyword	Magnora	no	237130	Power and Communication Line and Related Structures Construction	Magnora ASA is a Norwegian public company engaged in the development and management of data center and renewable energy projects, with activities in solar photovoltaic (PV), wind energy, and battery energy storage systems. The company also operates as a semiconductor manufacturer, focusing on hardware and renewable energy semiconductor production. Magnora manages a portfolio of renewable energy entities and reinvests its legacy royalty business in renewable energy development. Its operations extend to Sweden, England, Norway, South Africa, and Scotland, with a particular emphasis on offshore wind and battery storage projects.	Renewable Energy Project Development; Project Risk Management Consulting; Project Management Services; Data Center Project Development; Wind Energy Project Development; Renewable Energy Hardware Manufacturing; Offshore Wind Project Development; Sustainable Investment Services; Legacy Royalty Investment Management; Solar PV Project Development; Scalable Renewable Energy Solution Development; Renewable Energy Semiconductor Manufacturing; Battery Energy Storage System Development
q12	424	irrelevant	keyword	Againity	se	333611	Turbine and Turbine Generator Set Units Manufacturing	Againity AB, DBA Againity, is a Swedish private company specialized in the manufacturing and supply of Organic Rankine Cycle (ORC) turbines and Battery Energy Storage Systems (BESS) for renewable energy applications. The company develops modular ORC systems for converting low-grade heat into electricity, serving sectors such as heating plants, industrial waste heat, geothermal heat, solar panels, landfill gas, waste management, and industrial processes including aluminum plants, gas turbines, and large diesel generators. Againity also provides energy storage solutions that integrate with ORC systems to support sustainable energy supply and backup power. The company operates in the Nordic region and has expanded its presence to Poland and Greenland.	Organic Rankine Cycle Turbine Installation; Organic Rankine Cycle Turbine Manufacturing; Small Pellet Boiler Utilization Solutions; Modular Energy System Design and Integration; Battery Energy Storage System Manufacturing; Battery Energy Storage System Installation; Industrial Waste Heat Utilization Solutions; Landfill Gas Utilization Solutions; Renewable Energy System Manufacturing; Waste Management Plant Utilization Solutions; Low-Temperature Heat Utilization Solutions; Geothermal Heat Utilization Solutions; Renewable Energy System Installation; Solar Panel Heat Utilization Solutions
q12	428	irrelevant	naics	BRF Vivstavarvsvägen	se	335999	All Other Miscellaneous Electrical Equipment and Component Manufacturing	BRF Vivstavarvsvägen is a Swedish company specialized in the production and installation of solar panels and related rooftop work, operating primarily in the renewable energy sector. The company focuses on solar energy production and rooftop renovation projects, serving residential and commercial clients seeking sustainable energy solutions and property renovation services.	Sustainable Property Renovation Services; Solar Panel Manufacturing; Energy Efficiency Solutions; Solar Panel Installation; Renewable Energy Production; Solar Energy Production; Rooftop Renovation Services
q12	433	irrelevant	keyword	CIRKEL Energi	dk	334413	Semiconductor and Related Device Manufacturing	CIRKEL Energi ApS is a Danish private company engaged in the production, supply, and installation of green energy solutions, including solar panels, battery systems, and wind turbines. The company provides products and services for private individuals, housing associations, institutions, and businesses, with a focus on sustainable energy solutions. Its operations include the reselling and installation of wind turbines and energy storage systems, as well as installation and maintenance services. CIRKEL Energi primarily serves the Danish market and emphasizes sustainability and environmental responsibility in its activities.	Solar Panel Manufacturing and Installation; Wind Turbine Maintenance Services; Energy Storage System Maintenance Services; Sustainable Technology Solutions; Energy Independence Solutions; Wind Turbine Manufacturing and Installation; Green Energy Solutions Production and Supply; Energy Storage System Manufacturing and Installation; Renewable Energy Consulting Services
q12	435	irrelevant	keyword	Parkasol	se	332311	Prefabricated Metal Building and Component Manufacturing	Parkasol Sweden AB is a Swedish company that develops and distributes climate-smart parking solutions, including carports with solar panels and charging stations. The company provides self-sufficient parking systems that utilize renewable energy from solar panels or wind turbines, enabling electric vehicle charging in remote or inaccessible locations. Parkasol also operates as an official distributor of its solutions in Sweden and collaborates with international partners to expand its offerings.	Renewable Energy Utilization Services; Smart Parking System Integration; Off-Grid Vehicle Charging Solutions; Solar-Powered Carport Manufacturing; Sustainable Parking System Consulting; Sustainable Building Energy Solutions; Wind Turbine Integration Services; Solar Panel Integration Services; Remote Location Vehicle Charging Services; Climate-Smart Parking Solutions Distribution; Electric Vehicle Accessibility Enhancement Services; Renewable Energy Excess Sales; Electric Vehicle Charging Station Installation; Electric Vehicle Range Extension Solutions
q12	442	irrelevant	keyword	Folksol	se	334413	Semiconductor and Related Device Manufacturing	Folksol Stockholm AB, DBA Folksol, is a Swedish company specialized in solar energy solutions, focusing on solar panels, smart batteries, and off-grid energy systems. The company operates as both a service provider and product manufacturer in the renewable energy sector, serving residential and off-grid energy consumers primarily in Sweden. Folksol emphasizes sustainability and energy efficiency in its operations.	Renewable Energy Solutions; Smart Battery System Installation; Solar Energy System Installation; Off-Grid Energy System Installation; Energy Efficiency Consulting Services; Solar Panel Retail; Smart Battery Retail; Solar Energy Product Manufacturing
q12	450	irrelevant	random	Lonza Capsules & Health Ingredients	ch	325412	Pharmaceutical Preparation Manufacturing	Lonza Group Ltd, known as Lonza Capsules & Health Ingredients, is a Swiss pharmaceutical and nutraceutical company engaged in capsule design, manufacturing, and encapsulation technology. The company provides products such as hard empty capsules, encapsulation equipment, and specialty health ingredients, serving customers in the pharmaceutical and nutraceutical industries worldwide. Lonza Capsules & Health Ingredients also offers technical and regulatory support, as well as manufacturing and technical services related to capsule design and encapsulation.	Capsule Filling Equipment Manufacturing; Continuous Flow Manufacturing Solutions; Nutraceutical Ingredient Distribution; Global Pharmaceutical Ingredient Distribution; Capsule Manufacturing and Distribution; AI-Powered Manufacturing Solutions; Sustainability Consulting Services; Capsule Sealing Equipment Manufacturing; Custom Capsule Design Services; Specialty Capsule Manufacturing; Technical and Regulatory Support Services; Specialty Health Ingredient Supply; Encapsulation Equipment Manufacturing; Encapsulation Technology Solutions
q12	452	irrelevant	random	PSI CRO	ch	541715	Research and Development in the Physical, Engineering, and Life Sciences (except Nanotechnology and Biotechnology)	PSI CRO AG is a Swiss contract research organization that provides clinical research services, including clinical trial planning, execution, and site support for pharmaceutical and biotechnology companies. The company operates globally, with offices in multiple countries, and offers services in areas such as precision medicine, complex clinical trials, and pharmaceutical manufacturing. PSI CRO also develops proprietary tools for clinical trial feasibility assessment and planning.	Healthcare and Wellness Research Services; Clinical Site Support Services; Clinical Trial Planning and Execution; Global Clinical Trial Coordination; Therapeutic Area-Specific Trial Services; Clinical Trial Technology Solutions Development; Patient Enrollment Management Services; Feasibility Assessment Services; Clinical Trial Management Services; Complex Trial Management Services; Strategic Clinical Research Partnership Development; Pharmaceutical Manufacturing Support Services; Precision Medicine Trial Services; Clinical Trial Project Delivery Optimization
